State,Year,dni,precipitation,snowfall,temperature,windspeed
DC,1998,5.038138950073365,1513.395575221239,2.0,18.201636363636364,29.75
DC,1999,5.576876777055,1263.314423076923,0.6320754716981132,17.812592592592594,25.8
DC,2000,5.243641889750546,1092.834693877551,18.29,17.528823529411763,26.181818181818183
DC,2001,5.1361585244618055,1542.506,9.077669902912621,17.18767857142857,24.416666666666668
DC,2002,4.748101739187958,1439.363,13.333333333333334,17.56982142857143,26.076923076923077
DC,2003,4.6759784581458925,1634.585294117647,0.5294117647058824,17.0055,25.53846153846154
DC,2004,4.68952834669775,1530.5670103092784,0.3564356435643564,17.32220338983051,26.46153846153846
DC,2005,4.919254407876758,1468.8836734693878,0.0,17.367887323943663,25.76923076923077
DC,2006,5.231013719496161,1217.8666666666666,0.6483516483516484,17.881363636363638,26.916666666666668
DC,2007,5.109299429280782,956.244761904762,1.3617021276595744,17.845671641791046,24.583333333333332
DC,2008,5.089455978571448,1398.111111111111,6.657407407407407,16.80945205479452,26.7
DC,2009,4.557017585787701,1867.3336683417085,10.25263157894737,16.893529411764707,24.53846153846154
DC,2010,5.4944149157291235,1257.2274881516587,31.13274336283186,16.85978494623656,22.846153846153847
DC,2011,5.194409015092999,1369.8630541871921,137.3846153846154,17.550760869565217,23.25
DC,2012,5.141594928522439,1382.9824390243903,0.23076923076923078,18.193586956521738,21.0
DC,2013,4.6810743153376935,1686.8671957671957,8.090909090909092,16.969,22.9375
DC,2014,5.09991782536688,1484.8386597938145,81.72727272727273,16.53372093023256,23.533333333333335
DC,2015,4.670189804941408,1596.3244680851064,108.88888888888889,17.97064935064935,24.571428571428573
DC,2016,5.5410822389189685,1194.7626943005182,3.3,18.397027027027026,24.642857142857142
DC,1998,2.0740186032953,877.2619469026548,1522.360465116279,0.09686440677966099,37.94117647058823
DC,1999,1.9185109059302747,908.9247933884297,2563.230769230769,-2.117719298245614,36.3235294117647
DC,2000,2.1299610908673636,914.6900826446281,2016.7564102564102,-0.06394736842105266,36.75609756097561
DC,2001,2.349591939444366,929.5908333333333,2429.1857142857143,0.010973451327433652,34.92857142857143
DC,2002,2.578288667136822,1072.805303030303,1954.0123456790122,1.3533587786259542,34.395348837209305
DC,2003,2.6456582064538305,924.0173913043478,1897.8875,1.0193076923076922,36.404761904761905
DC,2004,2.517055568076898,939.7870229007634,2150.985294117647,0.5344715447154471,35.95454545454545
DC,2005,2.4633711081503478,1026.6592592592592,1731.9714285714285,0.6563779527559055,35.79545454545455
DC,2006,2.307041970223482,1079.22375,2475.732558139535,-0.4527777777777778,35.0
DC,2007,2.2089170979065216,1027.3939024390245,2363.3932584269664,0.3523076923076923,34.5945945945946
DC,2008,2.064502623264817,1214.444966442953,2926.25641025641,-1.453276836158192,32.142857142857146
DC,2009,2.4434258092498253,908.3315476190476,2384.2065217391305,-0.5666176470588236,31.558823529411764
DC,2010,2.2551485574103083,974.4977011494253,1871.4255319148936,0.23254464285714288,32.69230769230769
DC,2011,2.2393442301187654,1211.4421052631578,2635.383333333333,-0.5283829787234042,35.73684210526316
DC,2012,2.130795662698272,1080.378313253012,2617.189655172414,-1.7491666666666668,34.67567567567568
DC,2013,2.5057897938047633,1139.9058823529413,2756.2,0.006903553299492376,33.05263157894737
DC,2014,2.868051578240971,1086.7552795031056,1182.050847457627,1.01,33.027027027027025
DC,2015,2.3777479191333795,1004.6307692307693,1371.578947368421,0.4589795918367347,36.0
DC,2016,3.6792954460116354,1037.1679487179488,1057.7230769230769,1.6208108108108108,36.648648648648646
DC,1998,7.3731659295014405,420.8618055555556,247.8045112781955,14.647952755905512,31.833333333333332
DC,1999,7.678771393623046,313.45064935064937,154.82191780821918,15.686528925619834,30.11111111111111
DC,2000,7.253600179887615,364.4876811594203,208.0,15.26206106870229,30.75
DC,2001,7.218669918303336,327.76466666666664,277.7348484848485,15.504621848739497,30.333333333333332
DC,2002,7.577801383660619,216.04935064935066,87.5,15.516785714285714,31.0625
DC,2003,7.307420139232246,318.5775,176.64335664335664,15.805763888888889,30.714285714285715
DC,2004,7.36596382165722,388.1025641025641,171.75182481751824,15.347555555555555,31.0
DC,2005,7.144059151952968,403.1384615384615,303.0103092783505,15.260069444444444,29.533333333333335
DC,2006,7.248995609852288,297.07520661157025,276.93617021276594,14.786148148148149,30.615384615384617
DC,2007,7.34832393671677,355.76328125,186.98181818181817,15.030434782608696,46.294117647058826
DC,2008,7.537909070531771,410.98839285714286,401.5,14.262325581395348,29.6
DC,2009,7.31016860325478,232.66545454545454,212.95945945945945,15.011506849315069,29.58823529411765
DC,2010,7.268147400066364,404.3955357142857,372.5315315315315,14.5208125,29.266666666666666
DC,2011,7.572802266096606,265.3075098814229,577.75,14.866978021978023,29.5625
DC,2012,7.416945294450602,264.1112727272727,609.7209302325581,15.484148936170213,27.75
DC,2013,7.334907350970973,325.11400778210117,423.57142857142856,14.35683908045977,28.6875
DC,2014,7.377368059719861,327.58763636363636,159.7704918032787,15.37,28.25
DC,2015,6.986684902835702,386.4873015873016,492.10714285714283,14.888909090909092,29.666666666666668
DC,2016,7.474159758009781,351.94780876494025,445.0,15.345548780487805,31.11764705882353
DC,1998,5.020945944372242,1266.8503448275862,6.986486486486487,17.35731343283582,30.666666666666668
DC,1999,5.680163393710963,1119.6737931034484,33.98639455782313,16.865942028985508,29.714285714285715
DC,2000,5.041203081828702,1167.5478873239438,217.36363636363637,15.893846153846154,29.2
DC,2001,5.116010223671331,1383.6302158273381,25.746478873239436,16.215507246376813,26.266666666666666
DC,2002,4.759307484056712,1310.109589041096,92.73287671232876,15.849142857142857,27.933333333333334
DC,2003,4.754450648387219,1108.7459854014598,111.47826086956522,15.648115942028985,28.8125
DC,2004,4.6933116412625715,1426.408208955224,78.5,15.994545454545454,28.3125
DC,2005,5.1447166562078745,914.9834782608696,19.693693693693692,16.547,26.823529411764707
DC,2006,5.199912747505213,1270.6482758620689,26.44927536231884,16.596790123456792,29.928571428571427
DC,2007,4.735747495172993,1182.5364864864864,28.092198581560282,16.49013888888889,26.428571428571427
DC,2008,4.8555525543049995,1569.8013793103448,163.0,15.384782608695652,28.333333333333332
DC,2009,4.501629130215829,1819.047857142857,18.192592592592593,15.612463768115942,26.11111111111111
DC,2010,5.217139953423103,995.5839506172839,213.85915492957747,16.07639534883721,25.1875
DC,2011,5.035805998561136,1457.554,265.4117647058824,16.447674418604652,27.625
DC,2012,5.452544933534654,999.0854166666667,126.94117647058823,17.448333333333334,26.6875
DC,2013,4.974349514156427,1361.4490683229815,63.64705882352941,15.173037974683544,25.2
DC,2014,4.943526591970316,1212.7117318435753,126.53061224489795,14.827407407407408,27.066666666666666
DC,2015,4.8212039748202455,1750.6983516483517,186.10619469026548,16.076746987951807,25.466666666666665
DC,2016,5.316721281387915,1257.741884816754,31.28205128205128,16.979024390243904,26.352941176470587
DC,1998,6.491616825340393,1051.6982142857144,405.8217821782178,13.473588850174217,31.416666666666668
DC,1999,7.189400109533907,482.22975871313673,302.9009584664537,13.973728813559323,28.95744680851064
DC,2000,6.856903149364369,611.1005797101449,222.08455882352942,14.467722513089004,29.32
DC,2001,6.908255450817264,610.5958579881657,422.6578947368421,14.588658227848102,28.68
DC,2002,7.259970954373554,511.3311428571429,310.0503597122302,14.344937655860349,29.350649350649352
DC,2003,6.811085951695003,578.0613372093023,291.521897810219,14.713602771362586,28.782608695652176
DC,2004,7.194611985199814,590.7556521739131,275.0492957746479,14.47680709534368,29.228571428571428
DC,2005,6.7022851149062435,835.2660256410256,261.87394957983196,14.207093023255814,28.405797101449274
DC,2006,6.802338372934289,710.2262987012987,417.8008658008658,14.137540983606558,27.682539682539684
DC,2007,7.321307507256418,372.614953271028,217.308,14.175870535714285,27.676470588235293
DC,2008,7.17597820144523,497.83417721518987,426.46120689655174,14.284465558194775,27.492753623188406
DC,2009,7.0311283246973915,492.05076530612246,289.1075697211155,14.30032967032967,26.211267605633804
DC,2010,6.61786742559772,854.605298013245,501.36802973977694,13.707028824833703,26.7
DC,2011,7.109914646738724,516.5165789473684,808.8909090909091,13.707516198704104,25.732394366197184
DC,2012,7.0988353510214965,606.3465558194774,758.9310344827586,14.73619957537155,25.929577464788732
DC,2013,7.459841403745475,194.6634429400387,222.7093023255814,14.72849593495935,26.31081081081081
DC,2014,7.057193090965554,521.9558490566038,333.0,15.849920000000001,26.973684210526315
DC,2015,6.941731238294578,369.0519642857143,284.2823529411765,15.572446183953033,26.83116883116883
DC,2016,7.079226382332089,679.4827272727273,478.7857142857143,14.927525987525987,28.45945945945946
DC,1998,6.188884619265136,548.81171875,1394.1775147928995,6.112457627118644,37.0
DC,1999,6.380502751213394,575.4874100719425,1384.9378531073446,6.534878048780488,38.05555555555556
DC,2000,6.200524737923473,505.35770609318996,1371.6235294117646,6.622113821138211,37.6875
DC,2001,6.224005511080533,471.13367697594504,1458.5737704918033,6.560318725099601,35.95
DC,2002,6.691252740579316,353.42764505119453,1061.544502617801,6.3695041322314045,38.95238095238095
DC,2003,6.224197804521428,492.4422287390029,1494.1851851851852,6.977707509881423,37.19047619047619
DC,2004,6.117848904189508,544.4377892030849,1380.6162361623617,6.245559701492537,35.22727272727273
DC,2005,6.219458791849695,516.3219954648526,1434.5034013605443,6.932930402930403,39.22727272727273
DC,2006,6.211879125194572,498.033185840708,1758.7784431137725,6.697313432835821,44.7
DC,2007,6.25946702709474,504.8289029535865,1576.8853868194842,6.7923875432525955,42.54545454545455
DC,2008,6.332373624610739,466.6561507936508,1559.7912087912089,5.715,66.5625
DC,2009,5.912401109260493,534.0043103448276,1780.8974358974358,6.014112903225806,43.421052631578945
DC,2010,6.20536539703527,485.70270758122746,1662.2056074766356,6.438892617449665,43.8
DC,2011,6.444175830677699,499.546875,1942.9710144927535,6.161770186335404,49.2
DC,2012,6.495931317055903,334.40789946140035,1222.423611111111,7.614462540716612,46.473684210526315
DC,2013,6.178409349233039,542.685559566787,1939.9597315436242,5.784643962848297,34.125
DC,2014,6.106604386011835,541.6166371681416,1812.7611111111112,6.346482084690554,35.96
DC,2015,6.031999986435356,603.5355008787346,1910.0777777777778,6.93658940397351,39.15384615384615
DC,2016,6.405623621989571,460.5153024911032,1812.64161849711,6.90685618729097,39.18518518518518
DC,1998,4.496930249894292,1247.2666666666667,241.13333333333333,11.267777777777779,37.5
DC,1999,4.935526462367868,1300.5428571428572,515.0588235294117,10.609,33.75
DC,2000,4.534071924524313,1210.8117647058823,808.9230769230769,9.765833333333333,33.0
DC,2001,4.901733636997884,1001.145,1195.1818181818182,10.696363636363635,30.142857142857142
DC,2002,4.638900602536993,1199.9272727272728,745.7857142857143,11.018461538461539,32.125
DC,2003,4.068634228541234,1384.764705882353,1760.7,9.456428571428571,31.875
DC,2004,4.268194573995772,1229.3428571428572,878.6428571428571,9.823333333333334,32.285714285714285
DC,2005,4.4713572701902775,1319.9307692307693,1868.5,9.819166666666666,31.714285714285715
DC,2006,4.239475717547567,1435.9666666666667,962.3333333333334,10.695833333333333,31.714285714285715
DC,2007,4.550460935306549,1112.31,843.2142857142857,9.828823529411764,31.375
DC,2008,4.310156505496835,1499.611111111111,968.9090909090909,10.020625,30.0
DC,2009,4.147585624312901,1231.7882352941176,1150.5555555555557,9.272857142857143,30.142857142857142
DC,2010,4.594350945031715,1214.1529411764707,911.8,10.748666666666667,31.0
DC,2011,4.369369961733616,1640.1653846153847,2153.3333333333335,10.452631578947368,27.875
DC,2012,4.617285399577166,999.4153846153846,837.75,11.326666666666666,27.75
DC,2013,4.592219881606763,1133.9392857142857,1554.8,9.896363636363636,29.0
DC,2014,4.50900637103594,1149.7347826086957,1372.2,9.301578947368421,31.5
DC,2015,4.699585568498948,944.5111111111111,1711.8,9.955238095238094,31.0
DC,2016,5.079830875264275,951.9090909090909,934.4,11.0265,32.714285714285715
DC,1998,4.625534226027388,971.325,41.5,14.14,38.0
DC,1999,4.98991781461186,1204.6,110.5,13.716666666666667,40.0
DC,2000,4.748712287671222,1210.3666666666666,488.4,12.716666666666667,35.5
DC,2001,5.099616449315057,995.9666666666667,249.25,13.5975,36.0
DC,2002,4.813041095433777,1181.25,238.83333333333334,13.976,39.0
DC,2003,3.984547934246582,1491.55,967.5,12.56,33.5
DC,2004,4.3209863447488654,1117.94,203.5,13.478,32.5
DC,2005,4.528547984931493,1159.1,630.75,13.034,33.5
DC,2006,4.6679451506849245,1221.9833333333333,209.4,14.228333333333333,35.0
DC,2007,4.639890365753418,1043.9857142857143,252.66666666666666,13.47625,35.0
DC,2008,4.452602763013702,1087.85,70.4,13.662857142857144,35.0
DC,2009,4.132931509589052,1424.6833333333334,610.25,12.938,33.0
DC,2010,4.842191776712315,1055.6181818181817,1447.0,13.756,34.0
DC,2011,4.584876709589034,1346.4636363636364,595.3333333333334,13.991666666666667,32.0
DC,2012,4.686904080821909,962.925,133.0,14.81,31.5
DC,2013,4.642739676712319,1321.3,426.0,13.425,32.5
DC,2014,4.636931469863004,1205.075,1135.0,12.7975,38.0
DC,2015,4.572602763013689,1246.6538461538462,504.6666666666667,13.6075,35.0
DC,2016,5.019726036073047,1231.8916666666667,645.0,14.233333333333333,35.0
DC,1998,5.31467909743087,1462.8532608695652,0.0,22.815405405405404,35.642857142857146
DC,1999,5.62565317603564,1292.9405940594058,0.0,22.357439024390246,31.7
DC,2000,5.694219286445341,1064.426168224299,0.0,22.02576923076923,32.72727272727273
DC,2001,5.232765459822858,1376.0080357142858,0.0,22.42043956043956,32.6
DC,2002,5.164241876234805,1482.7345132743362,0.0,22.61779069767442,32.375
DC,2003,4.937988033599179,1493.4719008264462,0.0,22.4346875,31.675675675675677
DC,2004,5.1696744290809304,1410.4884297520662,0.0,22.30953488372093,34.470588235294116
DC,2005,5.1127760959025315,1532.2333333333333,0.0,22.161145833333332,33.583333333333336
DC,2006,5.557746212801957,1074.257638888889,0.0,22.454262295081968,32.77777777777778
DC,2007,5.199521611805123,1170.8006944444444,0.0,22.821487603305783,32.75
DC,2008,5.188029247264693,1334.0115,0.0,22.412105263157894,33.06666666666667
DC,2009,5.1033036549280935,1383.5293388429752,0.0,22.60646551724138,31.404761904761905
DC,2010,5.689488359845105,1253.6947368421052,0.0,21.35216,31.86046511627907
DC,2011,5.558527607353484,1251.5290909090909,0.0,22.884776119402986,31.045454545454547
DC,2012,5.200685733134026,1443.791724137931,0.0,22.869172413793102,31.488372093023255
DC,2013,5.011455158892625,1455.5811387900355,0.0,22.988818897637795,31.536585365853657
DC,2014,5.1902299150830755,1526.3356115107913,0.0,22.397744360902255,31.095238095238095
DC,2015,4.938275082037734,1395.2324909747292,0.0,23.836666666666666,32.93181818181818
DC,2016,5.49238009147302,1429.510408921933,0.0,23.301833333333335,34.5
DC,1998,5.113967480458018,1348.3203389830508,2.0,18.448571428571427,27.666666666666668
DC,1999,5.558943542466028,1053.2100917431192,4.794392523364486,17.69808510638298,25.727272727272727
DC,2000,5.386181548009592,1064.6747663551403,20.824074074074073,17.310392156862743,25.416666666666668
DC,2001,5.263422961729524,1083.8546296296297,0.9532710280373832,17.433898305084746,23.75
DC,2002,4.9148065208904494,1288.3677685950413,26.2,17.381746031746033,25.866666666666667
DC,2003,4.766147238570324,1469.202479338843,4.632,16.9052,23.529411764705884
DC,2004,4.815323627953834,1342.449152542373,7.976190476190476,17.328658536585365,25.235294117647058
DC,2005,4.9615530988227805,1420.0529411764705,3.485148514851485,17.157444444444444,25.235294117647058
DC,2006,5.311053112029236,1051.4616071428572,4.458715596330276,17.785934065934065,24.764705882352942
DC,2007,5.122053095184041,950.2446428571428,5.785046728971962,17.924395604395606,23.647058823529413
DC,2008,5.2128082301370275,1204.1876288659794,10.551020408163266,17.145238095238096,24.764705882352942
DC,2009,4.61907019807368,1655.1300613496933,13.376344086021506,17.225217391304348,23.705882352941178
DC,2010,5.629854455672239,1138.52,62.8099173553719,16.9275,22.375
DC,2011,5.428792839597814,1063.873142857143,76.42105263157895,17.878317757009345,23.0625
DC,2012,5.082518847688318,1075.4514970059881,0.1875,18.327719298245615,22.058823529411764
DC,2013,4.743077043664469,1639.00522875817,3.5,17.35528735632184,23.235294117647058
DC,2014,5.172133572945215,1286.2154320987654,52.53333333333333,16.90632183908046,23.176470588235293
DC,2015,4.738304768921375,1531.594674556213,14.066666666666666,18.280602409638554,23.88235294117647
DC,2016,5.74269344503433,1045.3637362637362,8.8,18.283666666666665,24.647058823529413
DC,1998,4.799953306614789,1095.211403508772,0.0,22.01241379310345,46.5
DC,1999,4.862007767315174,1374.0533333333333,0.0,21.872916666666665,47.0
DC,2000,5.08085604552529,1189.4684210526316,0.0,21.42388888888889,47.166666666666664
DC,2001,4.918412443774326,1369.0206896551724,0.0,21.705909090909092,45.875
DC,2002,4.812140079377425,1283.6201754385966,0.0,22.185306122448978,41.625
DC,2003,5.141883264007779,1293.5783018867924,0.0,22.09173913043478,43.857142857142854
DC,2004,4.855330726459145,1965.4095652173912,0.0,22.2416,41.857142857142854
DC,2005,5.133105065564207,1520.3017543859648,0.0,21.962692307692308,45.666666666666664
DC,2006,4.687797658560313,1721.9132075471698,0.0,21.772045454545456,41.5
DC,2007,4.9521711978599185,1392.5490384615384,0.0,21.954761904761906,44.0
DC,2008,4.883626458171205,1374.2626086956523,0.0,21.321666666666665,41.142857142857146
DC,2009,4.700031138326847,1180.462,0.0,21.15625,38.888888888888886
DC,2010,5.198007784046693,1049.8340206185567,0.0,20.35527777777778,42.142857142857146
DC,2011,4.589743201556418,1320.4988235294118,0.0,21.108947368421052,38.857142857142854
DC,2012,4.949136192412449,906.425974025974,0.0,21.66189189189189,41.75
DC,2013,4.848186775486379,1161.8261904761905,0.0,21.348387096774193,39.142857142857146
DC,2014,4.8550038972762675,1623.559756097561,0.0,21.618055555555557,38.375
DC,2015,4.910147866342408,1777.3544303797469,0.0,21.77315789473684,39.875
DC,2016,4.980466928210117,1559.0708860759494,0.0,21.841578947368422,43.125
DC,1998,4.816542102353599,835.3421686746988,953.8214285714286,6.306932515337423,26.0
DC,1999,5.383765173800629,673.3423312883435,1152.1022727272727,6.2787037037037035,29.454545454545453
DC,2000,5.333577136156843,611.3327044025157,1086.493670886076,6.094197530864197,25.857142857142858
DC,2001,5.387402555851652,561.0623529411765,1308.1927710843374,6.453611111111111,23.529411764705884
DC,2002,5.511871722552739,558.4058139534884,1012.7252747252747,5.928989361702127,26.176470588235293
DC,2003,5.465774213293764,639.992485549133,938.1379310344828,7.303523316062176,27.866666666666667
DC,2004,5.12032071277651,666.0398809523809,1151.7037037037037,6.7803589743589745,29.235294117647058
DC,2005,5.394295615712013,717.0804878048781,918.8493150684932,6.4264039408867,34.125
DC,2006,5.373672310914365,782.476,1151.6785714285713,6.8573076923076925,27.133333333333333
DC,2007,5.469098163041536,600.3781818181818,1107.5915492957747,7.120398009950248,32.92857142857143
DC,2008,5.4218585369197445,695.1,1855.5072463768115,6.02235,36.357142857142854
DC,2009,5.2230213360016755,662.9345029239767,1010.9,6.04450495049505,27.357142857142858
DC,2010,4.887071008871141,735.2694736842105,1144.7261904761904,6.382062780269059,55.86666666666667
DC,2011,5.1123662251520035,715.6505434782608,990.0714285714286,5.83215859030837,23.375
DC,2012,5.046753405263265,776.3129032258064,1053.6875,7.330941704035874,21.7
DC,2013,5.298090788620258,531.5777173913043,791.7413793103449,6.420414746543779,19.88235294117647
DC,2014,5.3199772499677405,768.7438502673797,1022.2549019607843,6.980995260663507,23.058823529411764
DC,2015,5.33649450611681,645.6947674418604,797.6774193548387,7.876027397260274,23.11111111111111
DC,2016,5.409258001008744,717.9644808743169,1115.6341463414635,7.1657918552036195,23.88888888888889
DC,1998,4.380486552047267,1123.4455445544554,258.0974358974359,12.759439252336449,37.4
DC,1999,5.097085519008376,910.9635416666666,596.4869109947643,11.711009174311927,39.833333333333336
DC,2000,4.488134855921321,1006.3965174129353,850.9791666666666,10.97701923076923,39.46153846153846
DC,2001,4.803449207627568,993.4056074766355,153.79245283018867,11.525688073394495,38.88235294117647
DC,2002,4.656409472320454,965.1891891891892,463.04186046511626,11.501525423728813,40.0
DC,2003,4.638315518627179,941.6947368421053,484.9947368421053,10.689811320754718,39.8235294117647
DC,2004,4.487710971115987,996.1767772511848,418.3448275862069,11.207727272727272,39.88235294117647
DC,2005,4.637689259534453,791.4467336683417,483.3011363636364,11.888454545454545,38.294117647058826
DC,2006,4.360615029746997,1023.9588235294118,306.20574162679424,12.022857142857143,39.23529411764706
DC,2007,4.659805704255421,946.8150627615063,636.5088495575221,11.887747747747747,38.529411764705884
DC,2008,4.36823122990757,1260.0750943396226,836.9324324324324,10.1624,39.0625
DC,2009,4.158773197450721,1274.4562913907284,626.3177570093458,10.441926605504587,37.05882352941177
DC,2010,4.806927315977641,1027.1659863945579,706.2692307692307,11.368482142857143,35.94117647058823
DC,2011,4.276687286471179,1133.9469465648856,688.6037735849056,11.479272727272727,37.705882352941174
DC,2012,5.152431967964636,746.7743421052631,382.2456140350877,12.790403225806452,37.22222222222222
DC,2013,4.626513035086413,1052.6759615384615,855.0958904109589,10.238055555555556,37.5
DC,2014,4.469766358851839,1046.3877022653721,1090.2777777777778,9.286851851851852,40.333333333333336
DC,2015,4.51180732529106,1192.2672354948807,899.2816901408451,11.121333333333334,38.94444444444444
DC,2016,4.80786191577683,1006.9009900990098,458.6896551724138,12.167525773195877,37.94444444444444
DC,1998,4.387580518540685,1150.681118881119,229.85616438356163,12.624923076923077,36.5
DC,1999,5.008874301863547,891.5191780821917,613.9589041095891,11.7116,37.54545454545455
DC,2000,4.400391645009412,1088.3901515151515,832.4710743801653,10.6859375,36.833333333333336
DC,2001,4.598334793398629,1115.7294964028777,183.75193798449612,11.715479452054794,36.666666666666664
DC,2002,4.418175586923512,1064.3578947368421,487.6136363636364,11.763857142857143,37.666666666666664
DC,2003,4.2772609096651735,1186.9688,751.4954954954954,10.610793650793651,36.5
DC,2004,4.201379671099162,1089.4543307086615,590.6283185840708,11.234545454545454,37.583333333333336
DC,2005,4.31752873051165,1057.0689075630253,594.8108108108108,11.636617647058824,34.36363636363637
DC,2006,4.207603315919083,1303.4983471074381,178.16101694915255,11.835373134328359,35.166666666666664
DC,2007,4.500523059570437,1062.9269938650307,704.96,11.605,34.833333333333336
DC,2008,4.270809876279198,1282.5555555555557,786.078947368421,10.445223880597014,36.25
DC,2009,3.9522905795640977,1177.7748792270531,626.2016129032259,10.547972972972973,34.25
DC,2010,4.634183170372754,960.2900900900901,830.9274193548387,11.317738095238095,32.583333333333336
DC,2011,4.05565887700564,1391.7815315315315,879.7037037037037,11.705238095238094,34.833333333333336
DC,2012,4.975610881427699,868.762660944206,572.3174603174604,12.848823529411765,33.416666666666664
DC,2013,4.325837030574825,1159.2639269406393,751.2,10.6404,34.5
DC,2014,4.296333556032854,1113.2205607476635,1203.9634146341464,9.7792,37.0
DC,2015,4.303027145862235,1203.343661971831,781.3846153846154,11.28358024691358,35.833333333333336
DC,2016,4.637571681459249,1112.8917050691243,570.3295454545455,12.385733333333333,34.90909090909091
DC,1998,4.423008736442844,1013.4852348993288,641.7547169811321,10.505825242718446,41.6
DC,1999,5.203405425329491,817.5835443037975,843.9171974522293,9.797570093457944,45.15384615384615
DC,2000,4.6432042025553235,764.2571428571429,1156.0536912751677,9.278673469387755,45.214285714285715
DC,2001,4.771127939038881,880.4178082191781,432.80536912751677,9.46375,44.266666666666666
DC,2002,4.968661950091245,749.6227848101266,475.3831168831169,9.56843137254902,45.6
DC,2003,4.929286566294916,735.8943396226415,759.0263157894736,8.881919191919192,44.4
DC,2004,4.562131810261662,902.8613496932516,747.0584415584416,9.210392156862746,45.13333333333333
DC,2005,4.723025713912176,770.2267515923567,810.6344827586207,9.812843137254902,42.93333333333333
DC,2006,4.509069947231799,833.1535031847134,308.4516129032258,10.264545454545454,44.733333333333334
DC,2007,4.754414113993213,1078.9312883435582,1133.458064516129,9.42640350877193,44.57142857142857
DC,2008,4.504786834110732,1112.600578034682,1205.9333333333334,7.717155963302752,43.583333333333336
DC,2009,4.38568244879325,1031.0632183908046,1013.9333333333333,8.205576923076922,41.86666666666667
DC,2010,4.846067735063998,1137.1793103448276,951.7602739726027,8.938476190476191,41.0
DC,2011,4.505370922977062,814.4150326797386,761.5263157894736,9.03357142857143,43.166666666666664
DC,2012,5.26418173504369,665.2194117647059,613.2,11.080892857142857,42.57142857142857
DC,2013,4.7068715999393245,891.528735632184,1045.3232323232323,8.130392156862746,44.0
DC,2014,4.541421993064302,1000.9191616766467,912.2743362831858,7.478163265306122,46.285714285714285
DC,2015,4.835496230440184,1104.6025906735752,936.0204081632653,9.613490566037736,44.333333333333336
DC,2016,4.831996752484355,993.2337016574586,640.3828125,10.450576923076923,44.333333333333336
DC,1998,5.589517358362299,885.2651452282157,247.32411067193675,13.518918918918919,47.8
DC,1999,5.899770835879639,818.8943820224719,276.7951807228916,13.26943396226415,45.578947368421055
DC,2000,5.732951397424783,669.7847328244275,414.234309623431,12.967450980392156,45.85
DC,2001,5.857052098090319,751.915294117647,378.94,13.292111111111112,44.095238095238095
DC,2002,5.851232650159201,616.363503649635,335.6542750929368,12.788252427184466,45.72727272727273
DC,2003,5.5744062635417535,686.9747252747253,386.42857142857144,12.72962962962963,43.5
DC,2004,5.488496531741999,833.4240458015267,311.40234375,12.759622641509434,44.19047619047619
DC,2005,5.575128492968807,811.0275471698113,347.50199203187253,13.168725490196078,43.13636363636363
DC,2006,5.717107656814283,664.6536082474227,264.96153846153845,13.64432,45.0
DC,2007,5.527552098119253,911.1233438485805,670.7615894039735,12.775405405405406,42.869565217391305
DC,2008,5.377579863324744,925.3604651162791,334.990625,11.825210084033614,45.9
DC,2009,5.160659732711354,852.9974431818182,463.17703349282294,11.869217391304348,43.36363636363637
DC,2010,5.587225709172524,745.7878712871287,322.93835616438355,12.812857142857142,42.63636363636363
DC,2011,5.773392366044595,636.7429429429429,652.5862068965517,12.824701492537313,45.3
DC,2012,6.1164895798031935,519.5117794486216,167.22058823529412,14.562116788321168,43.1578947368421
DC,2013,5.708201400361697,780.9278606965174,802.1645569620254,11.997299270072993,43.95454545454545
DC,2014,5.710965276996597,673.5951282051282,563.9690721649484,11.931626016260163,46.90909090909091
DC,2015,5.6122743198496075,854.3436408977556,236.99428571428572,13.406320000000001,43.19047619047619
DC,2016,5.995156263512772,851.5515662650603,175.61111111111111,13.929842519685039,43.333333333333336
DC,1998,4.396533884687549,1236.3412213740457,235.37593984962405,14.662954545454545,29.0
DC,1999,5.1511857098855645,947.2021428571428,114.41911764705883,14.115777777777778,30.0
DC,2000,4.5150061526840775,1124.336440677966,219.59615384615384,13.257441860465116,29.5
DC,2001,4.818205908272265,1146.0365384615384,98.29906542056075,13.9,27.88888888888889
DC,2002,4.366197743473114,1343.7619047619048,245.4857142857143,14.11560975609756,29.333333333333332
DC,2003,4.134484005866815,1409.877659574468,288.79787234042556,13.036153846153846,28.333333333333332
DC,2004,4.141883261982958,1428.9076086956522,175.7625,13.833488372093024,29.11111111111111
DC,2005,4.350413617277779,1023.0872093023256,89.36904761904762,13.95439024390244,27.555555555555557
DC,2006,4.37679321484301,1357.880612244898,146.49462365591398,13.975833333333334,27.22222222222222
DC,2007,4.650691673716661,1092.0330097087378,101.56842105263158,14.567674418604652,26.333333333333332
DC,2008,4.3293986644176785,1212.5785714285714,210.41666666666666,13.026666666666667,27.875
DC,2009,3.980578461161618,1391.0818965517242,204.97701149425288,13.040740740740741,26.375
DC,2010,4.724888247139961,1106.8664,535.0537634408602,13.363962264150944,25.11111111111111
DC,2011,4.199725447550577,1663.8256637168142,321.4,13.778333333333332,27.444444444444443
DC,2012,4.897386926430052,1119.918181818182,196.04444444444445,14.51140625,25.555555555555557
DC,2013,4.3937107618949565,1427.3760330578511,229.46808510638297,12.7534375,26.22222222222222
DC,2014,4.538970927544737,1221.8869565217392,472.8205128205128,12.497213114754098,29.333333333333332
DC,2015,4.455094146494531,1516.5196261682242,617.4102564102565,13.69671875,27.444444444444443
DC,2016,4.926265773423309,1270.7688679245282,462.35,14.405,27.333333333333332
DC,1998,5.131673330182986,1601.702614379085,0.7784810126582279,20.44920634920635,33.25
DC,1999,5.759455825894624,1224.5772727272727,0.0,20.03757575757576,29.076923076923077
DC,2000,5.194731505818063,1215.532298136646,5.803571428571429,19.693181818181817,28.90909090909091
DC,2001,5.066714027861234,1738.0830409356724,17.934131736526947,19.333432835820897,28.666666666666668
DC,2002,4.687755258180899,1658.1614457831326,1.072289156626506,19.346507936507937,31.571428571428573
DC,2003,4.755251532614106,1348.803896103896,0.9872611464968153,19.080147058823528,29.785714285714285
DC,2004,4.756444658617934,1826.8802469135803,1.5886075949367089,19.69179104477612,29.733333333333334
DC,2005,5.13741602373667,1245.69,0.3048780487804878,19.82891304347826,28.90909090909091
DC,2006,5.203024320568126,1411.1755102040815,0.0,19.791857142857143,28.583333333333332
DC,2007,4.717334058891079,1314.561403508772,0.0594059405940594,19.547636363636364,26.2
DC,2008,5.020621706856057,1439.0632352941177,5.900763358778626,19.132131147540985,30.75
DC,2009,4.804713447227583,1656.7164285714287,1.9421487603305785,19.435573770491803,29.266666666666666
DC,2010,5.404267717918676,1079.7496644295302,27.142857142857142,19.144788732394368,24.875
DC,2011,5.478575288063489,1101.5216,31.714285714285715,20.005909090909093,28.125
DC,2012,5.103071306391694,1618.0362962962963,0.0,20.50537313432836,25.642857142857142
DC,2013,4.952240372958217,1576.5471014492753,0.6956521739130435,19.1253125,28.692307692307693
DC,2014,4.905708831494148,1481.1531746031746,11.782608695652174,18.458360655737703,30.46153846153846
DC,2015,4.704753877874952,1754.4973684210527,54.6,20.092456140350876,29.714285714285715
DC,2016,5.1520743092324315,1814.8191304347827,0.0,20.488392857142856,27.466666666666665
DC,1998,4.161423223314679,1193.964705882353,1489.46875,6.842884615384615,34.333333333333336
DC,1999,4.66967708691223,1159.9791666666667,1597.5692307692307,6.947692307692308,32.375
DC,2000,4.177065448701083,1103.768253968254,2315.425925925926,5.3307142857142855,29.714285714285715
DC,2001,4.710889836731365,761.685294117647,2404.0163934426228,6.351,29.2
DC,2002,4.35487538197959,1062.2260273972602,1922.0,5.901020408163265,29.0
DC,2003,4.2198724420914,1147.9260273972602,2159.7419354838707,5.255636363636364,28.5
DC,2004,4.35755871157512,968.9418918918919,1170.3103448275863,5.231851851851852,30.1
DC,2005,4.281407445379793,1599.2394366197184,2679.406779661017,6.016481481481481,29.0
DC,2006,3.839605398881941,1350.786301369863,931.5625,7.160862068965518,27.22222222222222
DC,2007,4.461924379184483,1214.3807692307691,3084.7272727272725,5.529661016949152,28.4
DC,2008,4.017265373068068,1465.1760563380283,3014.280701754386,5.976428571428571,27.0
DC,2009,4.039031898125595,1323.6909090909091,2144.8571428571427,5.647272727272727,27.7
DC,2010,4.107661957941452,1338.804705882353,1558.0298507462687,7.635087719298245,29.333333333333332
DC,2011,4.109706025419253,1289.710752688172,2534.9285714285716,6.627462686567164,27.083333333333332
DC,2012,4.429179872739216,1250.1218390804597,1744.2727272727273,7.374242424242424,26.0
DC,2013,4.311760606609663,1171.7428571428572,2375.3260869565215,6.191525423728813,27.083333333333332
DC,2014,4.221987519204187,1332.2,2349.0625,5.833709677419355,27.666666666666668
DC,2015,4.5380519643209585,1103.4074074074074,2467.404255319149,5.875901639344263,27.916666666666668
DC,2016,4.592681353107539,1065.96875,1835.125,6.944333333333334,27.25
DC,1998,4.540408687306496,1063.7727272727273,184.12121212121212,14.116551724137931,33.0
DC,1999,4.979343667698666,1102.52,438.6333333333333,13.24,32.0
DC,2000,4.574068109081522,1072.7133333333334,616.4285714285714,12.355652173913043,34.666666666666664
DC,2001,5.002055741589278,903.8193548387097,320.89285714285717,13.072916666666666,32.333333333333336
DC,2002,4.66335603384933,1051.332258064516,394.5925925925926,13.496206896551724,34.6
DC,2003,3.910291010835901,1544.3111111111111,1143.45,12.072000000000001,33.25
DC,2004,4.2233313114551025,1194.2875,370.39285714285717,12.728333333333333,32.0
DC,2005,4.4323219835913354,1118.4758620689656,462.6923076923077,12.9932,31.75
DC,2006,4.564606793395251,1146.328947368421,214.1081081081081,13.734761904761905,32.25
DC,2007,4.585659429927748,926.1127659574469,462.6046511627907,13.261363636363637,30.833333333333332
DC,2008,4.362006196594431,1155.184375,154.03125,12.718333333333334,31.0
DC,2009,4.10667493137254,1355.8910447761193,629.9285714285714,12.931071428571428,32.142857142857146
DC,2010,4.764458198039224,1081.1741935483872,1436.4615384615386,13.384,33.285714285714285
DC,2011,4.367504653457172,1365.8460317460317,650.3636363636364,13.611785714285714,32.42857142857143
DC,2012,4.654835886377701,1071.6265625,177.0,14.221739130434782,31.625
DC,2013,4.474897822084627,1193.2109589041097,646.875,12.402083333333334,33.0
DC,2014,4.550043330753346,1221.9,1368.0,12.0008,33.0
DC,2015,4.47521981929824,1231.1373134328358,843.7058823529412,13.162222222222223,33.666666666666664
DC,2016,4.8946377919504735,1093.157894736842,975.6875,13.5452,34.166666666666664
DC,1998,4.42606448883375,1308.6163265306122,463.48936170212767,10.688,47.5
DC,1999,4.942987608436739,1136.1507936507937,924.7560975609756,10.571666666666667,37.9375
DC,2000,4.459712193424317,1246.4532258064517,921.8536585365854,9.354615384615384,38.733333333333334
DC,2001,4.9532010018610535,1029.8295081967212,1636.025,10.145365853658536,35.05263157894737
DC,2002,4.631731986848632,1171.4354166666667,1307.7333333333333,10.175,36.333333333333336
DC,2003,4.175791590694791,1307.864,1961.375,8.931290322580645,34.125
DC,2004,4.291235733746901,1162.1229166666667,968.75,9.095454545454546,37.27777777777778
DC,2005,4.477667503598008,1413.6145833333333,2398.9285714285716,9.527073170731708,34.77777777777778
DC,2006,4.180198539950365,1348.4826923076923,783.1818181818181,10.51775,36.31578947368421
DC,2007,4.531176202729535,1120.4166666666667,1285.5365853658536,9.46560975609756,35.473684210526315
DC,2008,4.2792953142679835,1465.8854545454546,1264.2619047619048,9.663409090909092,33.94736842105263
DC,2009,4.200506237468983,1308.7017857142857,1407.175,9.074347826086957,32.705882352941174
DC,2010,4.555890817741941,1306.9826086956523,965.8222222222222,10.536363636363637,35.411764705882355
DC,2011,4.340218339330029,1464.6923076923076,1577.076923076923,10.019807692307692,33.8235294117647
DC,2012,4.5671464021091825,1055.4060240963856,589.7058823529412,10.980357142857143,32.1578947368421
DC,2013,4.600168723325062,1158.1317647058825,1685.8823529411766,9.578245614035088,34.44444444444444
DC,2014,4.472694805334985,1260.6084337349398,1386.9411764705883,9.154814814814815,36.388888888888886
DC,2015,4.677826268858564,1041.7369047619047,2241.0,9.430769230769231,33.76470588235294
DC,2016,5.024456579652615,958.3666666666667,1116.5833333333333,10.416415094339623,36.68421052631579
DC,1998,4.399697968170064,769.7284482758621,1216.844827586207,9.313493975903615,36.77777777777778
DC,1999,4.610720998819561,782.1560975609756,1742.3482142857142,8.140222222222222,38.95
DC,2000,4.212626811270547,827.5288,2322.390909090909,7.442282608695653,37.3
DC,2001,4.1904924985296965,874.1629032258064,1457.8446601941748,8.430510204081633,38.03846153846154
DC,2002,4.27024390674894,755.1897810218978,1725.3652173913044,7.9101923076923075,39.16
DC,2003,4.23018243433553,800.5489208633094,1692.929203539823,6.970277777777778,37.88461538461539
DC,2004,3.973340447622116,891.0072463768116,2174.8813559322034,7.199727272727273,38.36
DC,2005,4.217454074796587,763.237984496124,2233.5585585585586,7.948416666666667,35.92307692307692
DC,2006,4.0640614749636645,930.0808219178082,1362.9236641221373,8.4668345323741,36.26923076923077
DC,2007,4.218721027586426,790.5574324324324,1923.7883211678832,7.9587407407407404,36.592592592592595
DC,2008,4.041119944860107,956.5711538461538,2857.7872340425533,6.813191489361702,35.82608695652174
DC,2009,3.9760160336562036,867.6638888888889,1934.483660130719,6.596506849315069,34.03846153846154
DC,2010,4.308057502772926,783.9128712871287,1278.9518072289156,8.515,34.51851851851852
DC,2011,4.098811903285305,988.2567415730337,1877.3255813953488,7.770718954248366,35.0
DC,2012,4.464906111783008,784.4831578947368,1646.1463414634147,9.27974025974026,34.61538461538461
DC,2013,4.0261516901769525,990.3149484536083,2770.2285714285713,6.9075,35.48
DC,2014,3.9246134300923723,932.0556701030928,2609.756097560976,5.458,37.166666666666664
DC,2015,4.212418324423477,821.3632653061225,1516.448275862069,7.348872180451128,37.074074074074076
DC,2016,4.408400945517214,920.4221674876848,2301.4257425742576,8.577357142857142,36.04347826086956
DC,1998,4.615338686170977,772.8,956.4173228346457,8.004018691588785,38.42857142857143
DC,1999,4.8676083236454115,773.4376811594203,1011.456,7.156435643564357,39.72727272727273
DC,2000,4.629113526913535,729.4787878787879,1307.4672897196263,6.103877551020409,38.5
DC,2001,4.703316582386311,785.97578125,1193.377049180328,6.571855670103093,38.714285714285715
DC,2002,4.765792129328508,775.4161538461539,935.4672131147541,6.15680412371134,39.46666666666667
DC,2003,4.794137684573012,577.7174603174603,1046.1238938053098,5.734,39.4
DC,2004,4.274194404421395,809.0526315789474,996.775,5.568715596330275,40.0
DC,2005,4.475623696647828,830.2213675213675,1333.5405405405406,6.295045045045045,38.2
DC,2006,4.471090711318017,631.8046153846154,689.8461538461538,7.085564516129033,38.63636363636363
DC,2007,4.480476757983888,802.9463087248322,1413.9473684210527,6.166991869918699,39.583333333333336
DC,2008,4.590508213240522,711.993893129771,1522.4561403508771,4.492982456140351,37.5
DC,2009,4.2784217237653674,708.3821705426357,1361.2357723577236,4.973697478991597,35.75
DC,2010,4.629021251916475,915.5375,1280.7571428571428,6.272877697841727,34.142857142857146
DC,2011,4.5271733796948554,674.0153846153846,1142.322033898305,5.809064748201439,36.0
DC,2012,4.660403227442062,711.8868571428571,921.5322580645161,7.68354609929078,35.3125
DC,2013,4.3019546132161945,799.7071428571429,1803.45,4.3761029411764705,36.3125
DC,2014,4.468253264916485,816.8029239766082,1446.0470588235294,3.8979856115107916,40.625
DC,2015,4.680219135792547,816.9281609195402,846.4444444444445,6.587857142857143,39.8
DC,2016,4.623565526432893,964.8922155688623,1031.963963963964,7.363,39.25
DC,1998,5.045821854851525,1489.6982608695653,22.504273504273506,18.63138888888889,26.333333333333332
DC,1999,5.748419892762488,1233.8330188679245,0.6822429906542056,18.29113636363636,26.0
DC,2000,5.184579027836642,1123.3685185185186,34.3,17.767894736842106,27.4
DC,2001,5.108226941808014,1686.84,8.342105263157896,17.583076923076923,24.555555555555557
DC,2002,4.729215216490028,1736.2777777777778,5.611111111111111,17.677333333333333,27.5
DC,2003,4.679859975954505,1549.9555555555555,1.456140350877193,17.278793103448276,25.9
DC,2004,4.758349903658607,1696.5158878504674,9.62962962962963,17.67936170212766,27.0
DC,2005,5.105331928738055,1290.3413793103448,0.27472527472527475,17.638461538461538,26.875
DC,2006,5.192729608960712,1329.2865546218488,6.557522123893805,18.3871875,27.4
DC,2007,4.9104687324231255,1025.088785046729,3.611111111111111,18.31298245614035,23.545454545454547
DC,2008,4.973567353472959,1496.0857142857144,25.762376237623762,17.541090909090908,25.6
DC,2009,4.6772067639183845,1718.7216,13.00909090909091,17.715714285714284,24.727272727272727
DC,2010,5.469639503367067,1174.690510948905,40.916666666666664,17.54920634920635,24.2
DC,2011,5.234207858191961,1343.8601503759398,67.1,17.911129032258064,26.444444444444443
DC,2012,5.222176055302224,1529.4931818181817,0.0,18.666,23.4
DC,2013,4.821855755646924,1646.4486666666667,15.491228070175438,17.353035714285713,24.818181818181817
DC,2014,5.053896089209939,1505.3925170068028,23.58,16.93220338983051,26.363636363636363
DC,2015,4.690848325715885,1568.1114503816793,49.775510204081634,18.50425925925926,26.88888888888889
DC,2016,5.375363765190973,1430.4253731343283,3.0,18.880535714285713,25.90909090909091
DC,1998,4.657999323893338,1273.0832258064515,139.10493827160494,14.006288659793814,40.5
DC,1999,5.343568807232346,947.8013157894737,249.81560283687944,13.538279569892474,37.72222222222222
DC,2000,4.8607908127915245,919.3490445859873,417.2097902097902,12.874252873563218,37.875
DC,2001,5.103787780888755,1108.443537414966,115.23841059602648,13.252282608695651,35.64705882352941
DC,2002,5.00127071160864,1016.3992857142857,320.013986013986,13.003563218390804,35.8235294117647
DC,2003,4.8469618034810384,1027.1457142857143,412.9130434782609,12.553370786516854,36.55555555555556
DC,2004,4.7204163129775925,1152.674820143885,199.57042253521126,12.779263157894738,37.1764705882353
DC,2005,4.9126029017405495,929.6125827814569,148.0709219858156,13.552336448598131,35.111111111111114
DC,2006,4.817876301960225,952.0703703703704,190.99401197604791,13.772079207920791,37.23529411764706
DC,2007,4.874636041382295,1019.4944262295082,260.1225165562914,13.26656862745098,34.875
DC,2008,4.511537671105117,1445.635076923077,219.28125,11.851456310679612,37.333333333333336
DC,2009,4.427095620750211,1312.594984326019,273.59354838709675,12.163518518518519,37.13333333333333
DC,2010,4.9956133966204845,1152.1914705882352,460.2638036809816,12.851440677966101,33.23529411764706
DC,2011,4.744156802906452,1154.3858657243816,652.875,13.189444444444444,35.27777777777778
DC,2012,5.440452888391716,786.996996996997,158.30769230769232,14.722767857142857,34.10526315789474
DC,2013,4.8396377026361845,1161.8095238095239,691.1944444444445,11.794803921568628,35.4375
DC,2014,4.830289957147782,1008.628064516129,508.1857142857143,11.473839285714286,37.35294117647059
DC,2015,4.721697853193814,1418.1337423312884,319.9259259259259,13.128691588785047,35.55555555555556
DC,2016,5.200254152517793,1001.8867283950617,121.13861386138613,13.922828282828283,35.529411764705884
DC,1998,4.802328326545065,588.9274809160305,943.6081081081081,6.137594936708861,34.5
DC,1999,4.9379166100078455,514.4494661921708,899.876404494382,6.1816129032258065,38.45454545454545
DC,2000,4.869131094867755,460.5845588235294,1176.7957746478874,5.402875,37.63636363636363
DC,2001,5.22628271417769,437.08661971830986,767.4261363636364,6.253155893536122,39.529411764705884
DC,2002,4.904587933167012,507.6740614334471,1239.0674846625766,4.889580152671756,41.705882352941174
DC,2003,4.910520785294758,518.035593220339,1399.1907514450868,6.078916967509025,39.8235294117647
DC,2004,4.681404514812239,520.0234042553192,823.2095808383234,5.801082089552239,40.1764705882353
DC,2005,4.94972928631408,594.5366037735849,1017.3219178082192,5.805357142857143,39.88235294117647
DC,2006,4.9888727722288895,555.1763250883392,831.6590909090909,6.44375,40.64705882352941
DC,2007,4.952317642654472,514.2939393939394,948.5112359550562,6.405,40.666666666666664
DC,2008,4.873809969384818,576.9493243243244,1565.0882352941176,4.9025423728813555,39.64705882352941
DC,2009,4.808887308097531,522.3888157894737,1462.9506172839506,4.92976897689769,38.6875
DC,2010,4.601762627999209,624.7022653721683,1421.469512195122,5.226212624584718,36.11764705882353
DC,2011,4.769969625967683,714.6146017699115,1693.3709677419354,4.984806451612903,40.333333333333336
DC,2012,4.6854538494262625,560.4825396825397,1199.655172413793,6.582289562289562,39.0
DC,2013,4.743134930722127,566.4023972602739,1433.2307692307693,5.617679180887372,38.0
DC,2014,4.716158230365735,649.8395683453238,1823.8108108108108,5.2954882154882155,40.714285714285715
DC,2015,4.898945898545875,499.06512455516014,1043.8026315789473,6.828881355932204,37.76470588235294
DC,2016,5.213883260831005,591.9861386138614,966.5368421052632,6.610241379310345,41.0
DC,1998,5.343949801374126,713.3916279069767,589.6342592592592,10.625478260869565,42.42857142857143
DC,1999,5.7667957295102905,622.5148148148148,537.8018867924528,10.74448275862069,46.5
DC,2000,5.551817207631515,541.4316037735849,631.6323529411765,10.20701754385965,46.53846153846154
DC,2001,5.658713262768934,670.9521052631579,732.7111111111111,10.435,43.75
DC,2002,5.828412196729388,434.2456852791878,641.3858695652174,10.215945945945945,46.94117647058823
DC,2003,5.503157696505515,544.644623655914,693.3276836158192,10.074830508474577,44.35294117647059
DC,2004,5.327136227688366,611.5876344086022,710.5657142857143,10.042,43.9375
DC,2005,5.501125445041945,604.1719887955182,580.8411214953271,10.598545454545455,44.529411764705884
DC,2006,5.420064526418897,592.4523690773067,592.1220657276996,10.821322314049587,45.0
DC,2007,5.428053759483404,785.8986784140969,779.55938697318,10.015772357723577,44.588235294117645
DC,2008,5.446157705929069,760.8546436285097,557.5137254901961,8.788869565217391,44.357142857142854
DC,2009,4.868308241771298,654.4786885245902,972.4462809917355,8.81959595959596,42.588235294117645
DC,2010,5.331103959304246,707.1049783549784,469.1185185185185,9.693,42.705882352941174
DC,2011,5.40845161133528,671.3062780269058,777.5641025641025,9.466825396825397,44.0
DC,2012,5.943580648626086,372.82721088435375,406.6127450980392,11.57912,43.166666666666664
DC,2013,5.442419355600503,608.2592105263158,723.8706896551724,9.175511811023622,43.733333333333334
DC,2014,5.460598565442217,666.5923787528868,680.2008928571429,8.892834645669291,47.53333333333333
DC,2015,5.432899669534233,757.1896694214876,616.4408602150538,10.467894736842105,43.0
DC,2016,5.752752711200749,675.8933962264151,667.8872180451128,10.943529411764706,45.1875
DC,1998,6.283230402786341,506.3021052631579,460.8688524590164,9.093529411764706,33.333333333333336
DC,1999,7.025409176485543,279.3956140350877,486.375,9.705631067961166,33.285714285714285
DC,2000,6.7780381990184475,340.4114583333333,482.12307692307695,9.610526315789473,35.5
DC,2001,6.764218265920899,301.5483870967742,665.1014492753624,9.62267857142857,32.9
DC,2002,7.195724326079221,257.35051546391753,330.1,9.635267857142857,33.55555555555556
DC,2003,6.662724231936669,333.83917525773194,387.77142857142854,10.53301724137931,33.1
DC,2004,6.698234091873438,386.88780487804877,487.17857142857144,9.44388349514563,34.2
DC,2005,6.495271341477612,500.8559523809524,715.7592592592592,9.423425925925926,32.0
DC,2006,6.752214461308716,388.9658823529412,637.2280701754386,9.478962264150944,32.25
DC,2007,7.038963161857552,281.0527472527473,527.7096774193549,10.143445378151261,29.2
DC,2008,7.099395033773165,288.92571428571426,817.8382352941177,9.468739495798319,30.09090909090909
DC,2009,6.6553836392295755,307.3705426356589,766.24,9.44734375,23.76923076923077
DC,2010,6.304608765614866,455.62032520325204,1067.1525423728813,9.460731707317073,25.153846153846153
DC,2011,6.903202960453818,324.5889908256881,635.625,8.96496062992126,26.4
DC,2012,6.771589237160954,323.2128,659.2295081967213,10.584328358208955,28.25
DC,2013,6.980988289044938,237.58153846153846,453.78688524590166,9.164458598726114,24.714285714285715
DC,2014,6.699809612401031,338.9405797101449,297.34285714285716,10.413933333333333,26.5
DC,2015,6.393227647788946,388.3829931972789,523.5844155844156,10.300709677419356,26.071428571428573
DC,2016,6.8505979969604605,413.6735294117647,768.4477611940298,9.736891891891892,26.357142857142858
DC,1998,4.284211015826488,1190.6606060606061,1294.9714285714285,7.930769230769231,26.0
DC,1999,4.7388605026963715,1145.128260869565,1453.325,7.557142857142857,24.5
DC,2000,4.196511154044545,1190.0513513513513,2249.6969696969695,5.852727272727273,22.25
DC,2001,4.78413130691677,848.2868421052632,2702.1935483870966,6.925,22.285714285714285
DC,2002,4.4540961184056265,1101.571794871795,2254.7272727272725,6.790740740740741,23.285714285714285
DC,2003,4.1751840812426675,1243.571794871795,2767.064516129032,5.635454545454546,22.0
DC,2004,4.264403289331771,1060.9131578947367,1178.2903225806451,6.196,23.428571428571427
DC,2005,4.356830006682297,1516.2526315789473,2612.766666666667,6.949310344827587,21.857142857142858
DC,2006,3.8978476008206275,1452.7341463414634,1155.8,7.767857142857143,39.25
DC,2007,4.427817112661193,1196.1690476190477,2778.151515151515,6.575714285714286,40.5
DC,2008,4.0998921525205105,1515.8119047619048,2738.6486486486488,6.8751612903225805,36.875
DC,2009,4.100595559202808,1271.146,2127.170731707317,6.731111111111111,35.5
DC,2010,4.21237984091442,1257.3090909090909,1655.5714285714287,7.950882352941177,38.375
DC,2011,4.171188752168811,1423.3421875,2608.3636363636365,7.590512820512821,37.375
DC,2012,4.497678785111366,1117.0338235294118,1454.16,8.419722222222223,39.0
DC,2013,4.3737960059788925,1147.5119402985074,2303.757575757576,7.118648648648649,37.75
DC,2014,4.2881500575615465,1246.6178082191782,2186.3142857142857,6.408055555555555,39.5
DC,2015,4.636923784759675,1078.2216666666666,2277.0,6.763714285714285,42.285714285714285
DC,2016,4.827910902930842,983.7433333333333,1664.96875,8.031081081081082,35.77777777777778
DC,1998,4.478666651944446,1092.464705882353,140.75757575757575,13.1805,40.5
DC,1999,4.898833350972234,1231.308888888889,206.3,12.353571428571428,39.333333333333336
DC,2000,4.556566663611108,1141.6608695652174,686.8421052631579,11.330333333333334,33.5
DC,2001,4.8886000083333485,905.7916666666666,625.8888888888889,12.0,26.22222222222222
DC,2002,4.693033299027784,1163.1906976744185,444.65714285714284,12.343939393939394,31.571428571428573
DC,2003,3.88486664083333,1463.2282051282052,1189.4583333333333,10.924242424242424,28.0
DC,2004,4.238333394305553,1254.75,513.4736842105264,11.908,27.6
DC,2005,4.473333318333338,1226.8058823529411,961.6363636363636,12.158709677419354,26.77777777777778
DC,2006,4.490966689166671,1294.2945945945946,383.8695652173913,12.948275862068966,27.8
DC,2007,4.479966663194446,1230.407894736842,300.3076923076923,12.09875,26.2
DC,2008,4.337033359305552,1217.3777777777777,266.625,12.206666666666667,28.714285714285715
DC,2009,3.9632999975000045,1345.7426229508196,739.4814814814815,11.804,29.428571428571427
DC,2010,4.734233307083335,1171.402857142857,1307.0434782608695,12.647916666666667,28.22222222222222
DC,2011,4.386266658750003,1702.1197530864197,696.421052631579,12.975652173913044,24.88888888888889
DC,2012,4.5019666620833325,1091.0,212.11764705882354,13.373913043478261,26.75
DC,2013,4.507333351111115,1198.9845360824743,492.94117647058823,11.986071428571428,29.444444444444443
DC,2014,4.452399985694448,1267.3171717171717,1167.5333333333333,11.23625,29.4
DC,2015,4.583466679861109,1103.7372549019608,778.7142857142857,12.173076923076923,30.22222222222222
DC,2016,4.8947333438888965,1009.0168316831683,664.0416666666666,12.621153846153845,27.142857142857142
DC,1998,7.422532936113188,398.8954248366013,356.09027777777777,11.170625,39.25
DC,1999,7.504623703985253,408.57987012987013,405.03521126760563,11.193535353535353,44.285714285714285
DC,2000,7.172454471099453,379.2825503355705,527.1138211382114,11.560879120879122,40.42857142857143
DC,2001,7.1089101592769,329.44102564102565,693.6641221374045,11.171100000000001,41.92307692307692
DC,2002,7.278535406792577,325.48164556962024,352.48920863309354,11.201546391752577,43.285714285714285
DC,2003,7.314248959666193,278.49533333333335,338.1240310077519,11.91741935483871,43.61538461538461
DC,2004,6.9417437015267325,462.9604166666667,699.280701754386,10.986444444444444,41.75
DC,2005,7.016428637988223,411.560625,559.1068702290077,11.836021505376344,41.53846153846154
DC,2006,7.089557215295833,429.13613861386136,543.224043715847,11.382424242424243,42.5
DC,2007,7.090117799334375,382.5155172413793,501.97087378640776,11.163301886792453,40.916666666666664
DC,2008,7.387643064645132,379.72719298245613,453.7938144329897,10.825591397849463,42.785714285714285
DC,2009,7.08760248899727,331.01913875598086,526.900826446281,11.091894736842105,41.23076923076923
DC,2010,7.278823079787095,403.2592274678112,691.0,11.353714285714286,42.416666666666664
DC,2011,7.6441143191066345,266.7937198067633,549.16,11.576666666666666,77.25
DC,2012,7.4456502480074285,225.9195238095238,396.7111111111111,11.81709090909091,131.13636363636363
DC,2013,7.258196522938463,346.3137404580153,427.3777777777778,10.619454545454545,85.78260869565217
DC,2014,7.141805951480685,328.7845864661654,267.8,11.105309734513273,42.76923076923077
DC,2015,6.641285131841086,481.49227272727273,564.8965517241379,11.226944444444445,46.7037037037037
DC,2016,7.329581835560099,323.92310924369747,137.24324324324326,11.92741935483871,108.04
DC,1998,4.09228045642187,1024.0721854304636,977.1390728476821,9.981098901098902,39.44444444444444
DC,1999,4.664637018180021,974.7891719745223,1807.1081081081081,9.11875,36.9375
DC,2000,3.9738390778903625,1137.2171232876713,2175.763358778626,8.249310344827586,38.111111111111114
DC,2001,4.325961549700026,842.0243055555555,1950.7295081967213,9.085647058823529,35.07692307692308
DC,2002,4.117054813629716,1091.5304964539007,2088.175,9.280978260869565,37.357142857142854
DC,2003,3.8308467509823756,1202.227205882353,2425.557894736842,8.010224719101124,35.357142857142854
DC,2004,3.7298779709823817,1143.845394736842,1732.4732142857142,8.532650602409639,35.241379310344826
DC,2005,4.214151823350495,1169.0065693430656,2510.4752475247524,9.011627906976745,34.48275862068966
DC,2006,3.772561740248152,1211.1619047619047,1122.3106796116506,9.8934375,35.535714285714285
DC,2007,4.138150986639022,1103.4625,2532.7340425531916,8.794725274725275,35.111111111111114
DC,2008,3.8806337144363674,1172.1616541353383,2345.625,8.883902439024391,33.130434782608695
DC,2009,3.8653253307342093,1068.36625,1607.4363636363637,8.26471264367816,32.64
DC,2010,4.000047979834515,1108.229120879121,1756.509090909091,9.482323232323232,33.84615384615385
DC,2011,3.8500417822750537,1424.1865853658537,2266.9302325581393,9.15042735042735,31.62962962962963
DC,2012,4.198074044612148,992.2869346733669,1392.591836734694,10.053162393162394,32.96
DC,2013,3.9891623616752527,1114.0707692307692,2384.5223880597014,8.336386554621848,34.035714285714285
DC,2014,4.000211778097187,1096.6497382198952,2574.277777777778,7.694181818181818,34.7037037037037
DC,2015,4.314256887797264,1019.0751219512196,2031.1444444444444,8.242644628099173,34.5
DC,2016,4.615748494622581,953.3381188118811,1878.878260869565,9.431574074074074,34.0
DC,1998,4.921632070746869,1364.2518248175184,123.14685314685315,15.880581395348838,31.75
DC,1999,5.261457433643575,1293.5248226950355,75.97857142857143,15.149555555555555,31.75
DC,2000,5.0337695172750925,1097.3773722627736,258.1640625,14.453181818181818,28.61111111111111
DC,2001,5.244592693629258,969.5524822695036,73.5187969924812,15.086129032258064,27.681818181818183
DC,2002,4.876667157361041,1214.312,118.7062937062937,15.659569892473119,30.7
DC,2003,4.465202564757799,1615.44,213.1969696969697,14.886881720430107,28.894736842105264
DC,2004,4.620861820114617,1265.7536764705883,205.6201550387597,15.176960784313726,28.736842105263158
DC,2005,4.748501064328403,1255.8992424242424,121.3529411764706,15.101238938053097,28.894736842105264
DC,2006,5.005165364590759,1315.1190476190477,62.68027210884354,15.41603448275862,27.88888888888889
DC,2007,5.14292342040084,905.4727891156463,46.65986394557823,15.694583333333334,28.428571428571427
DC,2008,4.8471581942019215,1169.8005025125628,78.59183673469387,15.04406779661017,29.35
DC,2009,4.452409447936045,1400.2537190082644,190.37012987012986,14.881153846153847,28.59090909090909
DC,2010,5.353099535504832,1199.9530120481927,425.61486486486484,14.852500000000001,27.842105263157894
DC,2011,5.043138163135258,1200.5843621399176,171.58620689655172,15.597260273972603,26.904761904761905
DC,2012,4.871581964089745,1184.2466666666667,77.12,15.846496350364964,25.08695652173913
DC,2013,4.697122373753384,1511.7720149253732,125.24,14.468106060606061,26.782608695652176
DC,2014,4.856395126199043,1310.5947368421052,337.5357142857143,14.340746268656716,28.294117647058822
DC,2015,4.709663538368028,1510.5138983050847,228.96875,15.689133333333332,26.454545454545453
DC,2016,5.43710811818196,1264.958359621451,218.78787878787878,15.797375886524822,27.818181818181817
DC,1998,4.853646431932538,558.1189189189189,1070.1491228070176,6.441058823529412,41.25
DC,1999,5.056639536987596,514.4452830188679,933.6509433962265,6.289876543209877,47.0
DC,2000,5.015880100205768,542.6119565217391,1107.1807228915663,5.246521739130435,45.42857142857143
DC,2001,5.238411765393201,424.2388888888889,661.7738095238095,5.759402985074627,45.25
DC,2002,4.994768569831085,393.79605263157896,1066.2933333333333,5.107714285714286,48.0
DC,2003,4.7834909462455695,416.5346153846154,1023.7260273972603,4.884848484848485,46.333333333333336
DC,2004,4.530699187670802,475.6525,867.7808219178082,4.873125,47.77777777777778
DC,2005,4.728620717928086,533.3545454545455,924.3037974683544,5.826417910447761,47.77777777777778
DC,2006,4.708549592299848,356.99111111111114,699.4814814814815,6.736385542168675,46.55555555555556
DC,2007,4.621483024731833,453.2456790123457,802.3684210526316,5.691969696969697,45.888888888888886
DC,2008,4.850729746774574,484.6775,1117.2631578947369,4.2898591549295775,46.55555555555556
DC,2009,4.337743442997618,498.02637362637364,1490.3522727272727,3.679054054054054,44.22222222222222
DC,2010,4.5353722069949205,604.1147727272727,1494.657894736842,4.8650704225352115,43.44444444444444
DC,2011,4.719193499074478,542.8265306122449,1249.0625,4.804558823529412,45.333333333333336
DC,2012,4.830940769155175,385.50892857142856,828.7857142857143,6.686461538461539,43.77777777777778
DC,2013,4.536606621160848,641.0746031746032,1534.7777777777778,3.887758620689655,43.25
DC,2014,4.7737780828951575,481.61971830985914,757.65,4.051228070175439,48.44444444444444
DC,2015,4.956975152006008,466.7858974358974,662.6896551724138,6.427538461538462,46.111111111111114
DC,2016,5.128346825319699,563.9367088607595,1038.923076923077,6.992714285714285,49.25
DC,1998,4.229539894776077,1027.21484375,158.1769230769231,12.186666666666667,37.714285714285715
DC,1999,4.919839439783851,836.004761904762,767.2155172413793,11.184893617021277,36.95454545454545
DC,2000,4.232930522696814,1033.8325925925926,688.1747572815534,10.302043010752689,35.9
DC,2001,4.372527023648957,946.6826086956522,266.65546218487395,11.126666666666667,35.64
DC,2002,4.221467864822403,988.8309523809523,506.625,11.22311111111111,36.96153846153846
DC,2003,3.8848008171641637,1170.7697478991597,1060.0731707317073,9.996941176470589,35.80769230769231
DC,2004,3.8574657676273625,1126.4793103448276,669.438202247191,10.567432432432433,36.07692307692308
DC,2005,4.074614505481168,1027.608547008547,864.7613636363636,10.848488372093023,34.28
DC,2006,3.97833041842512,1112.3565217391304,226.3586956521739,11.367808219178082,35.130434782608695
DC,2007,4.1770252401955466,1051.8712962962964,772.1860465116279,11.188101265822784,34.53846153846154
DC,2008,4.026176008234689,1117.9147826086958,875.8470588235294,10.271948051948051,35.666666666666664
DC,2009,3.9036253202779063,927.8172413793103,579.3978494623656,10.292666666666667,33.84
DC,2010,4.396051476711239,931.1694805194805,969.28,10.937738095238096,32.11538461538461
DC,2011,3.7330005187853454,1418.1712328767123,974.2352941176471,11.258809523809523,33.56
DC,2012,4.548296438522934,937.8907142857142,721.3414634146342,12.176075949367089,32.17391304347826
DC,2013,3.9724693813690033,1066.9780487804878,972.2162162162163,10.451411764705883,33.56
DC,2014,4.140821424266586,994.7766081871345,1361.046511627907,9.428333333333333,36.5
DC,2015,4.159602683041662,1095.0900584795322,957.0238095238095,10.741851851851852,34.82608695652174
DC,2016,4.517292832604221,941.9376288659794,739.290909090909,11.935529411764707,35.666666666666664
DC,1998,5.752246669686482,944.2597701149425,52.88235294117647,16.8296,45.5
DC,1999,6.076664472787125,954.1533333333333,88.00552486187846,16.308615384615386,46.916666666666664
DC,2000,5.620934703395205,945.7252941176471,291.0176470588235,15.704833333333333,47.75
DC,2001,5.681942850355166,781.6376543209876,145.18709677419355,16.00657142857143,44.57142857142857
DC,2002,5.501300542837476,905.6102040816327,181.53284671532847,15.297377049180328,45.4
DC,2003,5.444491270864417,686.5045751633987,193.36170212765958,15.410131578947368,44.333333333333336
DC,2004,5.205684387337721,1022.4703030303031,84.78,15.567567567567567,44.142857142857146
DC,2005,5.589913064212859,705.2421383647799,81.51020408163265,15.958513513513513,43.214285714285715
DC,2006,5.903580107136632,714.0863945578232,162.0,16.63597222222222,44.0
DC,2007,5.176354744777518,1149.515894039735,165.28571428571428,15.41578125,41.0
DC,2008,5.5883041771350035,914.8030303030303,52.469026548672566,15.257115384615386,47.45454545454545
DC,2009,5.251925867452011,961.3194805194805,212.99107142857142,15.169130434782609,41.3
DC,2010,5.633244440481661,800.8135,163.20118343195267,15.708347826086957,39.72727272727273
DC,2011,5.890517925255481,586.9369942196532,351.15384615384613,16.630491803278687,46.785714285714285
DC,2012,6.002652352901465,629.3773480662984,98.23529411764706,17.361293103448276,42.875
DC,2013,5.674547036688076,942.9789156626506,291.6875,14.996206896551724,42.875
DC,2014,5.6446062730296775,703.8588571428571,208.0,15.059705882352942,45.07142857142857
DC,2015,5.445929666308755,1371.9004784688996,177.6153846153846,15.999814814814815,41.666666666666664
DC,2016,6.049671225948362,797.9152466367713,32.76190476190476,16.83873786407767,43.266666666666666
DC,1998,4.761765560798046,1410.9532110091743,633.5379746835443,8.552438016528926,31.166666666666668
DC,1999,5.2560649253607075,1143.0660869565218,772.3726708074535,8.170357142857142,30.294117647058822
DC,2000,5.247570785685342,918.1867256637169,536.1558441558442,8.36016129032258,26.72222222222222
DC,2001,5.186053212105583,922.0063636363636,499.8758620689655,8.538124999999999,27.75
DC,2002,5.672258793417445,873.2550458715597,489.24827586206897,8.59512,28.0
DC,2003,5.3323174016682096,1087.365,454.6666666666667,9.30376923076923,26.272727272727273
DC,2004,5.279521198647476,980.3339285714286,511.0425531914894,9.18448,25.90909090909091
DC,2005,5.278850313739941,1083.2652777777778,421.44776119402985,8.58484,26.55
DC,2006,5.409616779463487,1225.7572864321608,654.697247706422,8.814458874458875,28.238095238095237
DC,2007,5.483055911553182,999.1083720930233,493.325,8.691340996168583,24.80952380952381
DC,2008,5.37693056885707,1095.0879518072288,983.2619047619048,8.143873873873874,24.94736842105263
DC,2009,5.377658252378286,975.6365131578947,452.3881578947368,8.510743494423792,24.0
DC,2010,4.822858440678552,1335.6575471698113,536.3575757575758,8.40429054054054,25.61904761904762
DC,2011,5.145129845762033,1160.180072463768,976.421052631579,7.995114006514658,24.181818181818183
DC,2012,5.114559065227742,1546.6782006920416,1113.5641025641025,8.8236,24.952380952380953
DC,2013,5.467836794319216,825.4541806020067,404.9512195121951,8.845874125874126,23.681818181818183
DC,2014,5.303872851037067,1327.9758513931888,388.0444444444444,9.8554,28.142857142857142
DC,2015,5.418432813401821,1160.6910256410256,260.685393258427,10.268659420289856,25.35
DC,2016,5.515517592087456,1316.798432601881,462.4404761904762,9.396468646864687,28.09090909090909
DC,1998,4.149718481989202,1013.996644295302,453.0,11.43581081081081,34.5
DC,1999,4.75886800838231,1051.6649681528663,909.9370629370629,10.506891891891891,33.083333333333336
DC,2000,4.139642238245308,1055.1292857142857,946.1333333333333,9.693972602739725,32.35294117647059
DC,2001,4.414733137854353,866.6551948051948,787.3481481481482,10.550632911392405,30.695652173913043
DC,2002,4.19134310882205,1087.1434210526315,953.1515151515151,10.732087912087913,32.25
DC,2003,3.605395892619694,1355.156081081081,1693.95,9.336404494382023,31.545454545454547
DC,2004,3.7492375379520606,1365.1058441558441,1072.751879699248,10.024555555555555,31.043478260869566
DC,2005,4.101431085019532,1091.1817073170732,1528.248120300752,10.084519230769232,30.454545454545453
DC,2006,3.93862170332353,1206.7502857142856,436.9072847682119,10.84037037037037,31.0
DC,2007,4.215859238905132,1140.4096256684493,1192.9155844155844,10.003457943925234,30.956521739130434
DC,2008,3.930932543450637,1169.1850746268656,973.641975308642,9.72,30.217391304347824
DC,2009,3.6795542500732803,1104.5560975609756,992.2933333333333,9.29743119266055,28.6
DC,2010,4.29325513548384,1100.454066985646,1470.6824324324325,10.202564102564102,31.045454545454547
DC,2011,3.77708504181324,1560.2677595628415,1291.8245614035088,10.568455284552845,27.666666666666668
DC,2012,4.255970686974542,1102.780319148936,715.8,11.340357142857142,26.91304347826087
DC,2013,3.979917891691069,1091.483574879227,1069.7586206896551,9.766229508196721,28.916666666666668
DC,2014,4.022152486803509,1096.2579710144928,1363.65625,8.80625,31.227272727272727
DC,2015,4.152979481427136,1108.1395238095238,1052.409090909091,9.931166666666666,30.727272727272727
DC,2016,4.485583600562033,984.7289592760181,993.4642857142857,10.818790322580645,31.043478260869566
DC,1998,4.520830242452832,1479.48,226.0,11.34,40.0
DC,1999,4.895547176415101,1163.2285714285715,919.0,11.418333333333333,41.0
DC,2000,4.572000062264153,1267.5142857142857,754.0,10.076666666666666,37.666666666666664
DC,2001,4.972301903773591,1092.125,1026.3333333333333,11.143333333333334,37.0
DC,2002,4.684301801886795,1214.4125000000001,715.3333333333334,10.982857142857142,37.666666666666664
DC,2003,4.17283021320754,1324.8777777777777,1538.6,9.69625,36.666666666666664
DC,2004,4.308905696226412,1229.6714285714286,823.0,9.552857142857142,36.666666666666664
DC,2005,4.515849112264154,1478.1444444444444,1987.6,10.027777777777779,36.666666666666664
DC,2006,4.2045283301886744,1446.6555555555556,661.2,10.997,36.666666666666664
DC,2007,4.578113218867926,1128.3555555555556,806.6,10.193333333333333,35.0
DC,2008,4.351924530188676,1400.8666666666666,878.0,10.409,35.5
DC,2009,4.200226474528297,1402.31875,1334.5,9.871,34.666666666666664
DC,2010,4.655773514150946,1401.6875,741.5714285714286,11.057,35.333333333333336
DC,2011,4.472150971698112,1476.0470588235294,1376.0,10.858,32.666666666666664
DC,2012,4.669358433962267,1076.675,756.0,11.544,31.666666666666668
DC,2013,4.647396152830191,1151.39375,1345.2857142857142,10.278888888888888,33.333333333333336
DC,2014,4.568830259433964,1219.41875,1143.8333333333333,9.81375,35.333333333333336
DC,2015,4.714415046226419,1072.2666666666667,1998.0,10.141111111111112,34.666666666666664
DC,2016,5.155698138679251,1056.5625,925.7142857142857,11.03625,35.333333333333336
DC,1998,5.170005602271796,1391.064,3.073170731707317,17.88948717948718,29.75
DC,1999,5.445025162973266,1087.2933333333333,6.217948717948718,17.163947368421052,29.0
DC,2000,5.327024321522492,1034.5620253164557,71.45333333333333,16.5453125,28.0
DC,2001,5.287709841450742,893.0987012987013,1.0394736842105263,17.23923076923077,26.23076923076923
DC,2002,4.883325639139097,1208.8647887323943,53.054054054054056,17.430697674418603,27.307692307692307
DC,2003,4.67983734615388,1421.4969230769232,27.55072463768116,16.675,27.181818181818183
DC,2004,4.777587852491037,1163.3815384615384,56.292307692307695,17.075853658536584,27.333333333333332
DC,2005,4.872765250896755,1239.5,4.338983050847458,16.92914893617021,27.5
DC,2006,5.228814681187691,1131.0097222222223,2.567901234567901,17.15586956521739,26.416666666666668
DC,2007,5.194856929533655,890.4222222222222,11.025974025974026,17.683469387755103,26.923076923076923
DC,2008,5.052167413790369,1160.4329411764706,7.05,16.872941176470587,28.666666666666668
DC,2009,4.635625329055448,1354.356,24.191011235955056,16.594363636363635,25.307692307692307
DC,2010,5.563686018254283,1083.2985294117648,81.30952380952381,16.810806451612905,23.692307692307693
DC,2011,5.283730581626113,1023.4248120300751,94.25,17.46375,25.5
DC,2012,5.022973311956981,1136.9105633802817,0.0,17.870454545454546,23.53846153846154
DC,2013,4.846115577321652,1528.0343373493977,5.9,16.62157894736842,24.615384615384617
DC,2014,5.082346765603834,1255.1451612903227,98.44444444444444,16.289666666666665,26.416666666666668
DC,2015,4.754238309485867,1627.34625,19.35,17.508727272727274,26.166666666666668
DC,2016,5.665425268872037,1144.8443181818182,20.576923076923077,17.944426229508196,27.0
DC,1998,5.093446330584495,660.6656934306569,1069.4596774193549,8.561495327102804,42.8
DC,1999,5.534199367894433,559.5553333333334,687.8260869565217,8.935583333333334,47.84615384615385
DC,2000,5.273171641020997,499.8933333333333,1101.1951219512196,7.875446428571428,47.8125
DC,2001,5.449682369998749,536.5221374045801,1131.142857142857,8.226272727272727,46.5
DC,2002,5.410285249125684,393.23228346456693,807.4642857142857,7.916,48.8125
DC,2003,5.15880906318788,455.13493150684934,995.752,7.965471698113207,47.3125
DC,2004,5.1276735501210045,543.7058823529412,537.5645161290323,7.982264150943396,47.875
DC,2005,5.2615418857103355,546.6935714285714,922.6410256410256,8.577745098039216,47.666666666666664
DC,2006,5.084676248258349,431.00878378378377,789.3014705882352,8.948347107438016,45.642857142857146
DC,2007,5.10609641345099,614.7248322147651,951.8970588235294,8.262881355932203,46.93333333333333
DC,2008,5.129683511090616,638.2986928104575,1337.6642335766423,6.5672,46.46666666666667
DC,2009,4.772618205261135,612.9323863636364,1664.3852459016393,6.453245614035088,43.92307692307692
DC,2010,5.029042528835577,657.9489247311828,1080.963503649635,7.350084745762712,43.07692307692308
DC,2011,5.048991910194839,581.1612676056338,1541.0731707317073,7.14575,44.5
DC,2012,5.482745928792993,387.42215568862275,737.8983050847457,9.544732142857143,45.25
DC,2013,4.965645389577793,647.4628865979381,1639.0176991150443,6.74825,45.333333333333336
DC,2014,5.080553973311556,538.7505154639175,992.984375,6.509747899159664,50.07692307692308
DC,2015,5.244755880165038,607.3554973821989,892.8955223880597,8.609416666666666,46.53333333333333
DC,2016,5.491768533797979,557.492039800995,906.0227272727273,9.024224137931034,47.857142857142854
DC,1998,4.6310876541560795,1480.0723404255318,72.46739130434783,15.562777777777777,27.0
DC,1999,5.364112366638355,1188.3201923076922,76.54736842105264,15.122051282051283,26.0
DC,2000,4.781923393191536,1160.479411764706,154.61458333333334,14.334675324675324,26.0
DC,2001,4.982726822581587,1376.091891891892,50.60377358490566,14.36909090909091,23.875
DC,2002,4.5527761494184515,1508.7378151260505,62.63106796116505,14.657916666666667,25.88888888888889
DC,2003,4.421290234156021,1602.6949152542372,245.61764705882354,14.047282608695653,25.666666666666668
DC,2004,4.359339583858163,1575.3949152542373,127.86725663716814,14.588673469387755,25.77777777777778
DC,2005,4.624599152765969,1159.8758620689655,40.34513274336283,14.758000000000001,25.11111111111111
DC,2006,4.673981263687971,1255.6774193548388,105.06557377049181,14.895247524752476,26.333333333333332
DC,2007,4.860888512255323,970.9908396946565,56.48412698412698,15.424827586206897,23.88888888888889
DC,2008,4.617906374723452,1299.534728033473,95.47101449275362,14.191979166666666,23.714285714285715
DC,2009,4.1784170272907515,1563.706181818182,106.1958041958042,14.11490909090909,23.88888888888889
DC,2010,4.968129362865259,1326.9043307086615,301.40845070422534,14.452571428571428,22.22222222222222
DC,2011,4.587084245418465,1599.9145748987855,246.71052631578948,14.857184466019417,23.555555555555557
DC,2012,5.026403412680849,1227.9361216730038,16.45,15.700901639344263,22.5
DC,2013,4.4776510780709184,1625.0376,157.97435897435898,13.749038461538461,22.7
DC,2014,4.704946363687999,1385.3141732283464,252.69387755102042,13.526730769230769,25.77777777777778
DC,2015,4.568347234212806,1523.8318777292577,250.26315789473685,14.86030612244898,23.8
DC,2016,5.272912348680845,1236.0652173913043,148.2929292929293,15.6286,24.0
DC,1998,6.283091002557232,834.1514184397163,22.86140350877193,19.346949806949805,44.38095238095238
DC,1999,6.54951229883539,603.4207513416816,29.42513863216266,19.31640625,39.70454545454545
DC,2000,5.9881624781868625,826.9798214285714,50.87269372693727,19.192684824902724,42.42553191489362
DC,2001,5.892765765671693,879.3673003802281,51.98275862068966,18.791481481481483,40.22950819672131
DC,2002,5.75725142434586,923.6954813359529,29.902857142857144,18.46857677902622,42.04838709677419
DC,2003,5.765293350526293,699.7762711864407,8.228033472803347,18.846259541984733,39.74576271186441
DC,2004,5.357104667442879,1119.8382892057027,65.0964360587002,18.685159010600707,40.03333333333333
DC,2005,5.864904945217504,600.1280808080808,24.089613034623216,19.211491525423728,38.6551724137931
DC,2006,6.11561974464989,757.5895669291339,23.565656565656564,19.871966666666665,41.410714285714285
DC,2007,5.457111078623535,1077.2430830039525,64.02213279678068,18.64126245847176,37.8
DC,2008,6.040347068728963,652.6441025641026,12.021194605009635,18.87630662020906,41.5625
DC,2009,5.801781926757682,852.842946708464,48.00694444444444,19.238071428571427,39.75925925925926
DC,2010,6.129868110768071,792.5698089171974,91.91522157996147,18.55887147335423,39.654545454545456
DC,2011,6.527128839622428,436.68584779706276,88.29761904761905,19.80629411764706,42.261538461538464
DC,2012,6.128532257043645,720.7870113493065,43.74050632911393,20.05175074183976,38.323076923076925
DC,2013,6.017196103314343,771.3446589446589,125.85082872928177,18.612996941896025,39.111111111111114
DC,2014,5.887039169189938,678.1172121212121,69.5060975609756,18.188633333333332,41.440677966101696
DC,2015,5.587811906982795,1225.2388613861385,222.35099337748343,18.909060402684563,38.17741935483871
DC,2016,6.125508812626747,989.7001193317423,11.683397683397683,19.572440677966103,38.54237288135593
DC,1998,6.068572849491427,649.3018957345971,1426.6691729323309,7.39640625,37.0
DC,1999,6.653069824326532,472.6563876651982,1069.2589928057555,8.05286432160804,32.375
DC,2000,6.309829578944457,520.1820754716981,1253.576923076923,8.19234693877551,33.142857142857146
DC,2001,6.4063573322705025,453.52369668246445,1449.7435897435898,8.203333333333333,31.22222222222222
DC,2002,6.853916442083612,376.94948979591834,885.6037735849056,7.374554973821989,31.666666666666668
DC,2003,6.39856624686642,481.5074074074074,1109.36,8.39074074074074,32.0
DC,2004,6.1921154559785485,592.0,957.4485981308411,7.725351351351351,31.555555555555557
DC,2005,6.294171523721789,673.4292817679558,1215.3076923076924,7.645860215053763,30.88888888888889
DC,2006,6.49273556723472,608.8494623655914,1301.7070707070707,7.658775510204082,31.1
DC,2007,6.691161079837785,452.9746192893401,940.3846153846154,8.108357487922705,26.272727272727273
DC,2008,6.743508526085761,534.6384615384616,1635.8588235294117,6.8948205128205124,27.0
DC,2009,6.397368886503515,538.1525510204082,1309.1685393258426,7.069417475728155,28.083333333333332
DC,2010,6.117021448708076,686.386936936937,1770.1826923076924,7.130092165898618,27.727272727272727
DC,2011,6.45976031876028,615.4953488372093,1110.8181818181818,6.954056224899598,28.454545454545453
DC,2012,6.426514570093444,436.35335968379445,1007.4545454545455,8.596571428571428,29.454545454545453
DC,2013,6.348174830566191,475.84795539033456,1110.482142857143,6.7981781376518216,27.1
DC,2014,6.4624321116547545,553.5430769230769,801.8888888888889,7.903992395437262,30.166666666666668
DC,2015,6.287762509716815,549.6388888888889,956.5633802816901,8.22655172413793,28.90909090909091
DC,2016,6.431818581761947,578.7211618257261,1155.0,8.092479674796747,30.166666666666668
DC,1998,4.006240697592989,1229.6965517241379,1797.9705882352941,7.7958823529411765,35.0
DC,1999,4.521059082166311,997.4,2064.9285714285716,7.6147368421052635,23.166666666666668
DC,2000,3.869304155361037,1166.1594594594594,3094.9375,5.98,25.5
DC,2001,4.405417947045959,825.9028571428571,2914.2571428571428,7.133636363636364,23.0
DC,2002,4.17783808512035,1180.9931034482759,2981.1071428571427,7.013529411764706,22.166666666666668
DC,2003,4.012752732494521,1215.821212121212,2945.3870967741937,5.769523809523809,20.333333333333332
DC,2004,3.9699781012034943,1048.965625,1676.0,6.027,23.6
DC,2005,4.20254706028446,1246.7586206896551,2743.5185185185187,6.725217391304348,22.4
DC,2006,3.6286477102844543,1350.7714285714285,1536.9117647058824,7.798888888888889,22.0
DC,2007,4.162188184354476,1203.2625,3540.0,6.259230769230769,23.25
DC,2008,3.8741881822756956,1316.9285714285713,3021.342105263158,6.566111111111111,20.8
DC,2009,3.829601743873081,1185.9116279069767,2156.7105263157896,5.948421052631579,20.25
DC,2010,3.8949846857768042,1224.4125,2181.1388888888887,7.377948717948718,22.4
DC,2011,3.9315098343544856,1446.7875,3309.0,6.945897435897436,21.0
DC,2012,4.283763703610499,1041.5219512195122,1924.0588235294117,8.102432432432431,20.8
DC,2013,4.0527702397155325,1167.4880952380952,2415.8947368421054,6.395882352941176,21.4
DC,2014,4.046730848358854,1101.5025,2957.9375,5.652333333333333,24.2
DC,2015,4.430547048358858,1070.4657894736843,2049.2,6.097096774193548,23.6
DC,2016,4.601435444310722,1010.0975,1869.7619047619048,7.245925925925926,24.0
DC,1998,4.708641376350606,1163.6,212.89743589743588,14.141466666666666,33.55555555555556
DC,1999,5.163296558649409,1060.8651785714285,297.3362831858407,13.364691358024691,30.88888888888889
DC,2000,4.75755172568968,998.4051282051282,443.1517857142857,12.531410256410256,28.11111111111111
DC,2001,5.1911724264080235,876.1772727272727,140.56410256410257,13.172784810126583,31.142857142857142
DC,2002,4.768503454683941,1079.6214285714286,284.5603448275862,13.721219512195121,32.06666666666667
DC,2003,4.223317255373525,1562.2528301886791,694.311320754717,12.51525,30.818181818181817
DC,2004,4.348910353074693,1232.604424778761,270.0695652173913,13.127215189873418,29.90909090909091
DC,2005,4.580337901810368,1020.0608695652174,356.07207207207205,13.594675324675325,28.818181818181817
DC,2006,4.762131038275868,1158.4901639344262,175.73170731707316,13.758522727272727,30.545454545454547
DC,2007,4.844337936206933,891.436,197.0,13.895111111111111,29.46153846153846
DC,2008,4.56184826583335,1029.103937007874,138.74358974358975,13.255443037974684,31.071428571428573
DC,2009,4.287489659626427,1304.4216783216784,531.2809917355372,13.068478260869565,29.307692307692307
DC,2010,5.024268970344811,1071.1742857142858,855.1769911504425,13.376071428571429,29.642857142857142
DC,2011,4.6241862125000015,1228.7535714285714,246.57142857142858,13.834842105263158,28.785714285714285
DC,2012,4.810868963275891,1028.7833333333333,242.97368421052633,14.25858695652174,28.5
DC,2013,4.539206899023031,1307.1379310344828,388.80434782608694,12.937586206896551,31.285714285714285
DC,2014,4.678944802385082,1115.3180124223602,673.4666666666667,12.591595744680852,31.2
DC,2015,4.626482736724176,1253.15,492.9166666666667,13.702272727272728,30.642857142857142
DC,2016,5.087786222040218,1176.0610062893081,519.9866666666667,14.106860465116279,31.666666666666668
DC,1998,4.244072664517575,1507.2516129032258,852.0,8.729847328244276,26.125
DC,1999,4.326421684172172,1440.3268421052633,683.1322314049587,8.494413793103448,30.285714285714285
DC,2000,4.437762957415145,999.7222222222222,739.4226804123712,7.783802816901408,26.0
DC,2001,4.459493750193615,1133.0972375690608,761.3960396039604,8.267354838709677,28.464285714285715
DC,2002,4.7807456896963485,1090.0021857923498,757.7920792079208,8.342361111111112,30.103448275862068
DC,2003,4.739864215485501,1327.1406976744186,525.5154639175257,8.96,29.20689655172414
DC,2004,4.437502090947024,1169.2896739130435,647.5909090909091,9.377432432432432,27.310344827586206
DC,2005,4.6111125785289975,1186.3180232558138,552.7159090909091,8.559102564102565,26.387096774193548
DC,2006,4.620346642793407,1552.846961325967,853.6222222222223,8.683680981595092,27.82758620689655
DC,2007,4.401548544684376,1259.5447513812155,674.3720930232558,8.109423076923077,28.0
DC,2008,4.417157834663554,1292.8838150289018,1243.121951219512,7.580849673202614,27.75
DC,2009,4.643267426027477,1156.7348484848485,600.8382352941177,7.791148648648648,26.925925925925927
DC,2010,4.1589612871649635,1392.6817073170732,511.7889908256881,8.331182795698926,25.633333333333333
DC,2011,4.262630142867794,1333.8157676348549,551.3703703703703,7.439642857142857,24.78125
DC,2012,4.150070275387147,1566.7534136546185,1234.551724137931,8.211170212765957,25.233333333333334
DC,2013,4.460622994595038,1010.0693726937269,390.75757575757575,8.265777777777778,24.310344827586206
DC,2014,4.525922577531315,1433.18880866426,821.7142857142857,8.932331606217616,28.214285714285715
DC,2015,4.708248962849957,1352.047859922179,547.3428571428572,9.579011627906977,27.26923076923077
DC,2016,4.865978555926208,1406.6936842105263,723.1666666666666,8.905368421052632,28.88888888888889
DC,1998,4.203339138581232,1175.4701149425287,620.6086956521739,12.219090909090909,19.25
DC,1999,4.943319003157901,980.0439560439561,986.9010989010989,11.657796610169491,24.714285714285715
DC,2000,4.197902065903896,1089.8663043478261,790.9673913043479,11.003692307692308,24.714285714285715
DC,2001,4.649892905308931,1027.8298850574713,614.5955056179776,11.484426229508196,24.5
DC,2002,4.285894747139597,1236.242105263158,734.8409090909091,11.737857142857143,25.9
DC,2003,3.748756067414195,1512.5296703296704,1802.48,10.73246153846154,24.444444444444443
DC,2004,3.9006425459038856,1375.5011904761905,785.3013698630137,11.486140350877193,24.2
DC,2005,4.069356534736831,1086.9865979381443,1005.2808988764045,11.527323943661973,24.4
DC,2006,4.10252813826087,1120.4126315789474,539.5894736842105,11.721857142857143,26.4
DC,2007,4.334125416979405,1093.1482352941177,935.421052631579,11.678333333333333,24.7
DC,2008,4.120443032173926,1176.6714285714286,798.0123456790124,10.898518518518518,26.625
DC,2009,3.7831798682380007,1181.9385542168675,1170.6941176470589,10.844406779661018,24.6
DC,2010,4.43339863308924,1078.3845360824741,1996.3456790123457,11.139016393442622,22.77777777777778
DC,2011,3.9206004589015984,1369.1914285714286,1017.2,11.765,24.4
DC,2012,4.533374840320374,1113.8364864864866,819.304347826087,12.210961538461538,23.1
DC,2013,4.077254007780316,1183.8753246753247,1248.6923076923076,10.751296296296296,24.818181818181817
DC,2014,4.228986740137296,1080.419718309859,1450.3214285714287,10.131785714285714,27.5
DC,2015,4.219837077482837,1223.82,1113.5121951219512,11.46125,24.9
DC,2016,4.619192666453096,1154.9126582278482,1224.54,12.043265306122448,26.636363636363637
DC,1998,4.602696192682662,851.7833333333333,1013.7870967741935,8.927008547008548,39.25
DC,1999,4.84020469687102,853.8506493506494,1089.7019867549668,7.8185365853658535,38.416666666666664
DC,2000,4.427910027183782,873.8013157894737,1603.9022556390978,6.900990990990991,38.23076923076923
DC,2001,4.549904822539163,904.0054545454545,825.1496598639455,7.7557017543859645,35.470588235294116
DC,2002,4.5724732556063605,859.9433962264151,1157.612676056338,7.459243697478992,36.94444444444444
DC,2003,4.654149891574515,705.0964285714285,1010.4701986754967,6.5415322580645165,36.0
DC,2004,4.161465461864268,899.7192546583851,1251.1307189542483,6.842833333333333,36.111111111111114
DC,2005,4.5031055924707015,728.073417721519,1435.2285714285715,7.76734375,33.833333333333336
DC,2006,4.3047966294816025,799.4796610169492,833.4171779141104,8.171632653061224,33.705882352941174
DC,2007,4.513349431502593,876.6972527472527,1580.093023255814,7.572797202797203,34.5
DC,2008,4.363740538461462,887.1130653266332,2208.934426229508,5.855,33.5625
DC,2009,4.276658423370147,805.0804020100502,1184.3035714285713,6.296917808219178,32.0
DC,2010,4.5567614089146655,980.5565610859728,1027.510101010101,7.919036144578313,31.941176470588236
DC,2011,4.2374237654658975,825.013,1380.623188405797,7.240701754385965,33.0
DC,2012,4.784378097001385,732.4208530805687,1132.4,8.972012195121952,32.666666666666664
DC,2013,4.302332470860378,950.9217592592593,1864.0537634408602,5.982064516129032,33.611111111111114
DC,2014,4.236203399608726,925.9810185185186,1823.0531914893618,5.144967320261438,36.6875
DC,2015,4.498212536408067,914.3352941176471,866.4322033898305,7.554404761904762,36.529411764705884
DC,2016,4.445867016720928,993.7054794520548,1368.4594594594594,8.43896551724138,35.166666666666664
DC,1998,5.422523672080502,618.2892857142857,1479.8020833333333,4.290352112676056,40.6
DC,1999,5.806294873862218,538.4710059171598,1433.6190476190477,4.953020134228188,40.77777777777778
DC,2000,5.640999662297254,476.6267045454546,1573.1182795698924,4.701794871794871,43.27272727272727
DC,2001,5.854341160004597,390.4526315789474,1260.560975609756,5.080328947368421,38.588235294117645
DC,2002,5.882394285393235,409.4430303030303,1363.1153846153845,3.959741935483871,41.8235294117647
DC,2003,5.641094995017722,509.5847058823529,1671.1898734177216,5.070063291139241,39.35294117647059
DC,2004,5.480934295812202,493.5782857142857,1049.0941176470587,4.751987577639752,37.888888888888886
DC,2005,5.857538976461231,561.9942528735633,1382.3478260869565,4.791333333333333,37.388888888888886
DC,2006,5.806480071524302,430.0298969072165,1256.4158415841584,5.0175155279503105,37.166666666666664
DC,2007,5.798240378992236,482.27688679245284,1295.073394495413,5.391123595505618,52.0
DC,2008,5.671493372330132,531.1717703349283,1479.5,3.7711042944785276,64.5625
DC,2009,5.378492347304595,567.6492063492063,1883.7384615384615,3.7177241379310346,36.666666666666664
DC,2010,5.519087521427875,541.5486607142857,1448.7604166666667,4.460290697674418,51.529411764705884
DC,2011,5.645159018215965,595.2951965065503,1606.5,3.9303314917127072,40.375
DC,2012,5.635854275246965,360.6709401709402,1026.1728395061727,5.886157894736842,51.294117647058826
DC,2013,5.484358195982411,500.696,1728.5625,4.388917525773196,45.5
DC,2014,5.487801172420932,588.5578947368421,1970.7340425531916,4.511283422459893,41.75
DC,2015,5.682037461650378,497.24944649446496,1258.1443298969073,5.8004854368932035,35.94736842105263
DC,2016,5.772382714323074,542.2252873563218,1672.56,5.617708333333334,43.705882352941174
DC,1998,4.604000025,0.0,0.0,0.0,0.0
DC,1999,5.084,0.0,0.0,0.0,0.0
DC,2000,4.683999975,0.0,0.0,0.0,0.0
DC,2001,5.098,0.0,0.0,0.0,0.0
DC,2002,4.7139999249999995,0.0,0.0,0.0,0.0
DC,2003,4.001999966666667,0.0,0.0,0.0,0.0
DC,2004,4.2940000750000005,0.0,0.0,0.0,0.0
DC,2005,4.556000075,0.0,0.0,0.0,0.0
DC,2006,4.727999950000001,0.0,0.0,0.0,0.0
DC,2007,4.71199995,0.0,0.0,0.0,0.0
DC,2008,4.467999925,0.0,0.0,0.0,0.0
DC,2009,4.212000016666667,0.0,0.0,0.0,0.0
DC,2010,4.922000033333334,0.0,0.0,0.0,0.0
DC,2011,4.37199995,0.0,0.0,0.0,0.0
DC,2012,4.7419999,0.0,0.0,0.0,0.0
DC,2013,4.552000175000001,0.0,0.0,0.0,0.0
DC,2014,4.677999975,0.0,0.0,0.0,0.0
DC,2015,4.512000025,0.0,0.0,0.0,0.0
DC,2016,4.966000016666666,0.0,0.0,0.0,0.0
