State,Year,annual_average_dni,annual_average_precipitation,annual_average_snowfall,annual_average_temperature,annual_average_windspeed,annual_gdp,annual_revenue_of_electricity_providers,annual_subsidies,average_electricity_price,prime_supplier_residual_oil,total_coal_consumption,total_natural_gas_consumption,potential_hydro_cap,potential_hydro_gen,total_state_area,producer_price_index,electricity_generated_from_biomass,electricity_generated_from_coal,electricity_generated_from_geothermal,electricity_generated_from_hydroelectrical,electricity_generated_from_natural_gas,electricity_generated_from_others,electricity_generated_from_other_gases,electricity_generated_from_petroleum,electricity_generated_from_pump_storage,electricity_generated_from_solar_and_photovoltaics,electricity_generated_from_wind,electricity_generated_from_wood_and_wood_derivatives,renewable_energy_percentage
AK,2017,5.310025,1021.172027972028,1678.7959183673472,0.028256410256410267,35.22857142857143,193693.0,1181289000,-543.8,19.1,239.82,622917,347725,4530.0,39683.0,665384.0,192.92307692307693,0.0,558365.0,0.0,1780638.0,2541155.0,0.0,0.0,887812,0.0,0.0,0.0,0.0,30.871138372772393
AK,2018,5.310025,1103.0738562091503,1931.732142857143,0.7018957345971564,35.06666666666667,198053.7,1156012000,-459.0,19.36,252.28,701515,355132,4530.0,39683.0,665384.0,201.6153846153846,0.0,684887.0,0.0,1629852.0,3231910.0,0.0,0.0,779308,0.0,0.0,0.0,0.0,25.764512784389776
AK,2019,5.310025,1114.2783783783784,1539.344262295082,1.967204301075269,35.0,200829.4,1176356000,-593.7,20.22,230.09,661454,366476,4530.0,39683.0,665384.0,199.46153846153845,0.0,673868.0,0.0,1397907.0,3162887.0,0.0,0.0,915475,0.0,0.0,0.0,0.0,22.729688785794526
GA,2017,5.310025,1374.153448275862,75.23728813559322,18.29088888888889,24.92857142857143,519452.6,13114685000,-1329.2,9.83,239.82,16769956,689501,580.0,3341.0,59425.0,192.92307692307693,187578.0,32472708.0,0.0,3139526.0,53474177.0,107750.0,0.0,269791,-1247579.0,0.0,0.0,4729903.0,7.31144230324668
GA,2018,5.310025,1661.991071428571,21.37878787878788,17.747252747252745,24.6875,538730.8,13452928000,-1314.1,9.62,252.28,16953323,738986,580.0,3341.0,59425.0,201.6153846153846,340868.0,32181963.0,0.0,2877663.0,53469439.0,79624.0,0.0,429947,-488754.0,0.0,0.0,4638236.0,7.877785609693236
GA,2019,5.310025,1312.8987951807228,0.4,18.35442105263158,24.294117647058826,547422.7,13739612000,-1718.8,9.86,230.09,13551393,753735,580.0,3341.0,59425.0,199.46153846153845,326103.0,25272537.0,0.0,3484677.0,58383625.0,93009.0,0.0,313724,-598689.0,0.0,0.0,4828177.0,8.729632879166159
MT,2017,5.310025,544.568661971831,1511.279279279279,5.85531690140845,39.055555555555564,45480.6,1412945000,-492.7,5.263999999999999,239.82,8943859,80036,3914.0,23413.0,147040.0,192.92307692307693,0.0,14240843.0,0.0,10560809.0,471550.0,0.0,0.0,458322,0.0,0.0,0.0,0.0,41.04229893262443
MT,2018,5.310025,587.8508591065292,1719.8684210526314,5.2371378091872804,37.16666666666666,46627.5,1425020000,-490.0,5.284,252.28,8733152,87034,3914.0,23413.0,147040.0,201.6153846153846,0.0,13220808.0,0.0,10728967.0,470539.0,0.0,0.0,446228,0.0,0.0,0.0,0.0,43.14619620210964
MT,2019,5.310025,625.2224264705882,1759.0884955752213,4.297147887323944,39.1764705882353,47916.3,1522367000,-503.8,5.537999999999999,230.09,9371545,88394,3914.0,23413.0,147040.0,199.46153846153845,0.0,14154291.0,0.0,9409070.0,540354.0,0.0,0.0,464887,0.0,0.0,0.0,0.0,38.297132250341306
WV,2017,5.310025,1219.0567901234567,555.4285714285714,11.92153846153846,27.181818181818183,294151.7,2855303000,-752.9,9.0,239.82,27987730,184025,1228.0,6444.0,24230.0,192.92307692307693,0.0,68294633.0,0.0,1768583.0,1599249.0,-13746.0,34477.0,119779,0.0,0.0,0.0,0.0,2.463105463248563
WV,2018,5.310025,1631.3842105263159,866.0645161290323,11.615576923076922,26.3,303767.4,2932646000,-897.3,8.72,252.28,25810633,202934,1228.0,6444.0,24230.0,201.6153846153846,0.0,61975241.0,0.0,1787838.0,1417426.0,-11348.0,24845.0,158885,0.0,0.0,0.0,0.0,2.7356679743926233
WV,2019,5.310025,1231.4475609756098,464.2622950819672,12.130851063829788,25.9,308044.7,2823181000,-1140.5,8.49,230.09,23867512,218282,1228.0,6444.0,24230.0,199.46153846153845,0.0,58192222.0,0.0,1776365.0,2104891.0,-6301.0,41579.0,128387,0.0,0.0,0.0,0.0,2.854187892268769
ME,2017,5.310025,1163.6604938271605,2634.673076923077,6.619473684210527,27.33333333333333,490874.1,2066514000,-1706.4,10.116,239.82,66310,43810,1059.0,6146.0,35380.0,192.92307692307693,179222.0,76356.0,0.0,3329380.0,2099589.0,395860.0,0.0,128593,0.0,0.0,0.0,2750620.0,69.86035122025265
ME,2018,5.310025,1244.2195402298848,2774.32,6.236296296296296,28.33333333333333,507806.0,2317393000,-1774.3,10.282,252.28,62360,46464,1059.0,6146.0,35380.0,201.6153846153846,153061.0,76017.0,0.0,3599742.0,2251047.0,370833.0,0.0,201551,0.0,0.0,0.0,2374325.0,67.8787615592003
ME,2019,5.310025,1306.2670731707315,2411.3636363636365,5.6864285714285705,28.5,519961.6,2240241000,-1802.2,10.594000000000001,230.09,69362,44484,1059.0,6146.0,35380.0,199.46153846153845,118501.0,83283.0,0.0,3114930.0,1609327.0,338847.0,0.0,31829,0.0,0.0,0.0,2400723.0,73.1951661851213
WI,2017,5.310025,964.6346666666667,989.7207207207208,7.697919463087247,35.666666666666664,69743.2,7430357000,-118.2,10.76,239.82,20918282,487732,522.0,3287.0,65496.0,192.92307692307693,598909.0,35892335.0,0.0,2844893.0,13467219.0,54745.0,0.0,142997,0.0,0.0,1528577.0,1035824.0,10.81283009804339
WI,2018,5.310025,1071.6718487394958,1466.4973262032086,6.804733333333332,34.47058823529412,71858.7,7508196000,-113.4,10.58,252.28,19479523,543025,522.0,3287.0,65496.0,201.6153846153846,579761.0,33370258.0,0.0,2583343.0,17693091.0,32009.0,0.0,126100,0.0,0.0,1959284.0,936946.0,10.578299964846854
WI,2019,5.310025,1169.18,2092.603260869565,6.184630872483221,35.05882352941177,72340.4,7370279000,-120.4,10.66,230.09,14694837,576650,522.0,3287.0,65496.0,199.46153846153845,516821.0,26348949.0,0.0,1992705.0,21136978.0,47358.0,0.0,136230,0.0,0.0,1649214.0,841486.0,9.493545829283649
HI,2017,5.310025,1419.1811594202895,0.0,22.36379310344828,41.875,81039.5,2428989000,-269.0,26.05,239.82,759018,3106,145.0,699.0,10932.0,192.92307692307693,243331.0,1375722.0,251823.0,66826.0,0.0,363847.0,52024.0,6657637,0.0,0.0,643399.0,0.0,12.4850110449838
HI,2018,5.310025,2160.6984126984125,0.0,21.386388888888884,41.75,82203.9,2725018000,-257.4,29.18,252.28,734351,3282,145.0,699.0,10932.0,201.6153846153846,307051.0,1311202.0,322330.0,103061.0,0.0,383430.0,55722.0,6756303,0.0,0.0,542656.0,0.0,13.03547267335974
HI,2019,5.310025,1430.16,0.0,21.065,42.25,82471.4,2714942000,-263.0,28.72,230.09,716842,3277,145.0,699.0,10932.0,199.46153846153845,290271.0,1301945.0,108029.0,69600.0,0.0,395070.0,5627.0,6836803,0.0,0.0,594849.0,0.0,11.067772636128785
IA,2017,5.310025,851.7983425414365,480.79508196721315,10.008846153846154,44.57142857142857,68412.2,4272972000,-298.9,8.73,239.82,14477681,391129,738.0,3876.0,56273.0,192.92307692307693,191550.0,25512926.0,0.0,914568.0,3519292.0,0.0,0.0,297152,0.0,0.0,20815751.0,0.0,42.77334446490162
IA,2018,5.310025,1184.1758620689654,1004.6803278688524,8.591553398058252,42.42857142857143,72455.4,4565702000,-308.2,8.92,252.28,16229800,443174,738.0,3876.0,56273.0,201.6153846153846,216383.0,28576161.0,0.0,999397.0,7644484.0,0.0,0.0,148540,0.0,0.0,21685110.0,0.0,38.63819979981466
IA,2019,5.310025,1093.92,1192.7131147540986,8.267307692307693,43.8,74937.1,4635849000,-337.9,9.08,230.09,12788791,442873,738.0,3876.0,56273.0,199.46153846153845,208909.0,22174734.0,0.0,748645.0,8171030.0,0.0,0.0,142497,0.0,0.0,26558274.0,0.0,47.43773839806362
FL,2017,5.310025,1599.9824,0.0,23.37939393939394,33.62162162162162,901903.5,24286139000,-2320.3,10.42,239.82,16851538,1387960,171.0,962.0,65758.0,192.92307692307693,2627178.0,37512143.0,0.0,195390.0,160593505.0,3075806.0,4904.0,1482658,0.0,0.0,0.0,2313502.0,2.4715805078995996
FL,2018,5.310025,1543.0086021505374,0.1,23.27317307692308,32.1578947368421,936580.3,24613584000,-2413.7,10.32,252.28,13365449,1477160,171.0,962.0,65758.0,201.6153846153846,2645399.0,30123970.0,0.0,238776.0,172555688.0,2996373.0,5489.0,2076231,0.0,0.0,0.0,2465490.0,2.5103138597485506
FL,2019,5.310025,1426.2423220973785,0.0,23.8273,32.80487804878049,963255.9,25103431000,-2555.9,10.44,230.09,9532981,1545434,171.0,962.0,65758.0,199.46153846153845,2164260.0,21264917.0,0.0,219804.0,181519412.0,3164525.0,160.0,1511562,0.0,0.0,0.0,2332547.0,2.2229585879088876
NE,2017,5.310025,675.5027149321268,618.531746031746,10.485945945945947,44.125,74253.6,2755770000,-150.2,9.08,239.82,12570426,166286,1851.0,11332.0,77348.0,192.92307692307693,95131.0,21392460.0,0.0,1593535.0,680155.0,0.0,0.0,7563,0.0,0.0,5237449.0,0.0,23.877973652131278
NE,2018,5.310025,781.3745762711865,1058.491935483871,9.14,43.625,76165.3,2791727000,-143.4,9.02,252.28,14442982,185949,1851.0,11332.0,77348.0,201.6153846153846,93182.0,23171275.0,0.0,1481975.0,1214283.0,0.0,0.0,7264,0.0,0.0,5177866.0,0.0,21.68193863419021
NE,2019,5.310025,863.005900621118,1114.6869565217391,8.730582524271844,44.06666666666667,77240.3,2759154000,-146.1,9.08,230.09,13064155,185260,1851.0,11332.0,77348.0,199.46153846153845,78595.0,20342865.0,0.0,1159956.0,1216716.0,0.0,0.0,18845,0.0,0.0,7414499.0,0.0,28.622651437859005
MI,2017,5.310025,1004.9098039215686,1603.575221238938,7.993525179856116,37.083333333333336,457341.5,12077266000,-1101.4,7.212000000000001,239.82,24058073,870756,380.0,2407.0,96714.0,192.92307692307693,977656.0,41992898.0,0.0,1612465.0,26287232.0,259981.0,1652167.0,1124025,-674759.0,0.0,5072481.0,1600532.0,10.74827558907127
MI,2018,5.310025,951.0196078431372,1884.8267716535433,7.234071428571428,35.84,467828.0,12541352000,-1131.4,7.296,252.28,24238217,965538,380.0,2407.0,96714.0,201.6153846153846,974044.0,42910451.0,0.0,1633605.0,30552007.0,268096.0,1597639.0,1214491,-698455.0,0.0,5330068.0,1544031.0,10.293808883079064
MI,2019,5.310025,1067.8748768472906,2429.0787401574803,6.526808510638298,36.92,471648.1,12282154000,-1315.4,7.327999999999999,230.09,21229484,1002237,380.0,2407.0,96714.0,199.46153846153845,832946.0,37362680.0,0.0,1290502.0,34639574.0,191335.0,1696538.0,920192,-696488.0,0.0,5813128.0,1536181.0,10.49961388542382
ID,2017,5.310025,857.4905882352942,1521.2727272727273,6.692364532019704,24.125,752459.2,1964825000,-2881.8,8.26,239.82,0,111334,4937.0,28645.0,83569.0,192.92307692307693,0.0,26151.0,0.0,9509213.0,2841667.0,68343.0,0.0,169,0.0,0.0,0.0,348647.0,77.0495045016527
ID,2018,5.310025,639.9348571428571,961.0238095238096,6.876875,26.33333333333333,769631.2,1940939000,-3328.4,8.17,252.28,0,111700,4937.0,28645.0,83569.0,201.6153846153846,0.0,25015.0,0.0,10486069.0,3129851.0,63972.0,0.0,57,0.0,0.0,0.0,394237.0,77.16966372775309
ID,2019,5.310025,688.3201219512197,1405.3170731707314,5.969537037037037,28.0,773135.5,1891966000,-4142.6,7.89,230.09,0,127638,4937.0,28645.0,83569.0,199.46153846153845,0.0,18999.0,0.0,9111878.0,3475323.0,65655.0,0.0,232,0.0,0.0,0.0,404470.0,72.77411018817875
IL,2017,5.310025,1000.4165625,243.96521739130435,11.992524271844662,39.388888888888886,322969.3,20539776000,-1002.1,7.5520000000000005,239.82,34224429,1017772,573.0,3092.0,57914.0,192.92307692307693,494985.0,58185848.0,0.0,129357.0,14071275.0,256344.0,180098.0,49347,0.0,0.0,0.0,0.0,0.8509818290323364
IL,2018,5.310025,1167.5396825396824,684.6637168141592,10.901531531531534,37.833333333333336,332156.8,21484023000,-1126.5,7.627999999999999,252.28,35493118,1108592,573.0,3092.0,57914.0,201.6153846153846,452727.0,59763992.0,0.0,144093.0,16031408.0,230551.0,200817.0,66729,0.0,0.0,0.0,0.0,0.7761965658172537
IL,2019,5.310025,1294.7547770700635,850.22,10.745882352941177,38.647058823529406,337636.1,20751652000,-1542.2,7.598,230.09,29161359,1134722,573.0,3092.0,57914.0,199.46153846153845,418741.0,48842090.0,0.0,130663.0,18916293.0,240183.0,260889.0,40406,0.0,0.0,0.0,0.0,0.7979809225269144
RI,2017,5.310025,1240.138888888889,1256.2727272727273,10.853,35.333333333333336,52727.7,1741516000,-176.6,12.894,239.82,0,92061,13.0,73.0,1545.0,192.92307692307693,203691.0,0.0,0.0,2372.0,4820588.0,0.0,0.0,44332,0.0,0.0,0.0,0.0,4.063571106430449
RI,2018,5.310025,1577.695238095238,1382.2727272727273,10.918,36.0,53135.5,1943680000,-171.7,14.097999999999999,252.28,0,101796,13.0,73.0,1545.0,201.6153846153846,211030.0,0.0,0.0,4100.0,6684006.0,0.0,0.0,67341,0.0,0.0,0.0,0.0,3.0880745030809695
RI,2019,5.310025,1463.1277777777775,975.875,10.408888888888887,35.666666666666664,53668.0,1908924000,-173.7,14.334000000000001,230.09,0,99301,13.0,73.0,1545.0,199.46153846153845,207790.0,0.0,0.0,3640.0,7237254.0,0.0,0.0,17835,0.0,0.0,0.0,0.0,2.83170778779241
MN,2017,5.310025,800.8968911917099,795.1538461538463,6.2384375,38.86666666666667,327667.5,6897622000,-1425.1,10.27,239.82,13359389,451979,516.0,2870.0,86936.0,192.92307692307693,663642.0,23332563.0,0.0,1257150.0,7138994.0,396232.0,0.0,43266,0.0,0.0,10884720.0,1352087.0,31.413405423645443
MN,2018,5.310025,854.9056701030928,1780.7560975609756,5.012601626016259,37.384615384615394,337215.9,7121914000,-1740.2,10.37,252.28,13812648,490169,516.0,2870.0,86936.0,201.6153846153846,584866.0,23397828.0,0.0,1205856.0,9170015.0,405719.0,0.0,40288,0.0,0.0,11346349.0,1179635.0,30.24833682494666
MN,2019,5.310025,1019.3243523316063,2079.625,4.286165413533834,37.53333333333333,341041.4,6915058000,-2333.4,10.33,230.09,10767336,509061,516.0,2870.0,86936.0,199.46153846153845,381193.0,18206287.0,0.0,886728.0,10372307.0,354279.0,0.0,46549,0.0,0.0,11040440.0,969565.0,31.42157903520117
CT,2017,5.310025,1159.7446808510638,1370.111111111111,10.567,31.75,248077.1,7610317000,-593.0,13.974,239.82,137443,239818,141.0,807.0,5543.0,192.92307692307693,586131.0,197508.0,0.0,259884.0,15566967.0,546887.0,0.0,115683,1797.0,0.0,0.0,0.0,4.907780133867388
CT,2018,5.310025,1627.1065217391306,1450.0454545454545,10.287058823529412,31.375,249043.3,7982157000,-609.3,14.616,252.28,220578,277931,141.0,807.0,5543.0,201.6153846153846,500720.0,329700.0,0.0,395347.0,19742542.0,464733.0,0.0,379167,3471.0,0.0,0.0,0.0,4.123355311409042
CT,2019,5.310025,1433.1045454545456,1047.2857142857142,9.831176470588234,31.25,251329.8,7740150000,-623.0,14.762,230.09,47528,283408,141.0,807.0,5543.0,199.46153846153845,482188.0,53051.0,0.0,521501.0,21186918.0,578186.0,0.0,80836,2155.0,0.0,0.0,0.0,4.391404696868587
MO,2017,5.310025,1076.1521341463415,73.50381679389314,13.819217391304347,37.111111111111114,101071.7,7672172000,-508.1,10.03,239.82,39513370,261993,2450.0,14145.0,69707.0,192.92307692307693,87666.0,67522540.0,0.0,1399751.0,4253450.0,3654.0,0.0,65915,99724.0,0.0,0.0,0.0,2.1613545464077992
MO,2018,5.310025,1088.4422077922077,261.88461538461536,12.77705357142857,35.647058823529406,102061.7,8148136000,-565.2,9.93,252.28,37060029,322805,2450.0,14145.0,69707.0,201.6153846153846,103914.0,59934020.0,0.0,1399238.0,6840945.0,764.0,0.0,91645,46907.0,0.0,0.0,0.0,2.2655907011302223
MO,2019,5.310025,1389.9678294573646,437.7254901960785,12.69970873786408,36.625,102656.4,7636141000,-833.6,9.68,230.09,32764874,316378,2450.0,14145.0,69707.0,199.46153846153845,64007.0,55686325.0,0.0,763573.0,7331606.0,0.0,0.0,79411,336744.0,0.0,0.0,0.0,1.811848450987872
MS,2017,5.310025,1604.96484375,40.20588235294117,18.992916666666666,27.09090909090909,279264.3,4348025000,-1123.7,9.09,239.82,3864960,526862,1112.0,6361.0,48432.0,192.92307692307693,12977.0,4628230.0,0.0,0.0,46994320.0,1855.0,0.0,11902,0.0,0.0,0.0,1471741.0,2.7949724238190057
MS,2018,5.310025,1775.7285714285715,34.62162162162162,18.416976744186044,25.66666666666667,284696.3,4655357000,-1285.0,9.24,252.28,4505890,576888,1112.0,6361.0,48432.0,201.6153846153846,15517.0,5280044.0,0.0,0.0,49492794.0,0.0,0.0,28504,0.0,0.0,0.0,1451141.0,2.606557901471529
MS,2019,5.310025,1804.0046511627909,2.303030303030303,18.696285714285715,25.222222222222218,287659.3,4542721000,-1873.4,9.28,230.09,3833217,570154,1112.0,6361.0,48432.0,199.46153846153845,15539.0,4414340.0,0.0,0.0,49629732.0,0.0,0.0,13713,0.0,0.0,0.0,1405654.0,2.561678407269867
SD,2017,5.310025,481.58333333333326,804.1034482758621,8.218,46.07142857142857,46023.9,1237570000,-1017.9,10.05,239.82,1354935,80890,112.0,633.0,77116.0,192.92307692307693,0.0,2062462.0,0.0,4495380.0,745606.0,0.0,0.0,4658,0.0,0.0,3154070.0,0.0,73.11528691545621
SD,2018,5.310025,644.9348571428571,1663.4594594594596,6.744636363636364,44.8,47287.0,1281530000,-1187.6,9.97,252.28,1493490,89464,112.0,633.0,77116.0,201.6153846153846,0.0,2379603.0,0.0,5164548.0,998859.0,0.0,0.0,4518,0.0,0.0,2765546.0,0.0,70.09672172214201
SD,2019,5.310025,865.2224137931033,2158.514285714285,5.8030188679245285,45.66666666666666,47559.7,1281412000,-1422.5,9.96,230.09,1689836,91362,112.0,633.0,77116.0,199.46153846153845,0.0,2617073.0,0.0,5619584.0,1349523.0,0.0,0.0,10186,0.0,0.0,3014564.0,0.0,68.46559294199555
TN,2017,5.310025,1487.5189655172414,95.22077922077924,15.262258064516127,25.1,314849.9,9185018000,-747.1,9.45,239.82,14545543,321644,869.0,4908.0,42144.0,192.92307692307693,88573.0,27715901.0,0.0,7613828.0,10374699.0,20791.0,11648.0,123830,-686154.0,0.0,0.0,843063.0,17.04611002356105
TN,2018,5.310025,1739.4128630705395,151.60526315789474,14.82037037037037,24.7,323316.8,9861200000,-733.9,9.58,252.28,10358841,392161,869.0,4908.0,42144.0,201.6153846153846,94757.0,20966713.0,0.0,9685084.0,12888842.0,9821.0,11175.0,128248,-619844.0,0.0,0.0,879451.0,22.79400531016003
TN,2019,5.310025,1757.648260869565,41.680555555555564,15.35504854368932,24.2,328406.3,9677835000,-939.6,9.69,230.09,9361950,402277,869.0,4908.0,42144.0,199.46153846153845,80466.0,18696666.0,0.0,9857011.0,16614374.0,4537.0,12033.0,141058,-615360.0,0.0,0.0,849403.0,22.286323623382096
NC,2017,5.310025,1290.733220338983,361.4929577464789,15.861962025316455,27.5,113754.2,11880971000,-1118.4,9.04,239.82,13460656,502567,796.0,4697.0,53819.0,192.92307692307693,557022.0,34457955.0,0.0,4716110.0,39650882.0,577380.0,0.0,230615,0.0,0.0,0.0,2076050.0,8.933436351978838
NC,2018,5.310025,1834.433445945946,426.5568181818182,15.322913907284768,26.83333333333333,115087.9,12796899000,-1040.1,9.25,252.28,12599223,582418,796.0,4697.0,53819.0,201.6153846153846,615479.0,31681106.0,0.0,5001487.0,44079319.0,535069.0,0.0,496651,0.0,0.0,0.0,2044025.0,9.071292509493077
NC,2019,5.310025,1384.767405063291,27.618556701030933,15.927058823529412,27.944444444444446,117395.2,12892934000,-1549.2,9.45,230.09,12362994,556490,796.0,4697.0,53819.0,199.46153846153845,570766.0,30729803.0,0.0,6207177.0,41777442.0,537783.0,0.0,231912,0.0,0.0,0.0,1954710.0,10.648331104386774
IN,2017,5.310025,1173.8868421052632,338.6421052631579,12.10025641025641,36.91666666666666,168976.5,9673171000,-1158.3,9.77,239.82,35551968,720453,582.0,3132.0,36420.0,192.92307692307693,434678.0,72486582.0,0.0,467931.0,18438312.0,306075.0,3134904.0,126013,0.0,0.0,0.0,0.0,0.9461856263299051
IN,2018,5.310025,1258.1531400966182,572.0,11.453205128205127,36.7,172844.7,10161425000,-1574.6,9.75,252.28,39143963,854024,582.0,3132.0,36420.0,201.6153846153846,472079.0,77501351.0,0.0,342435.0,25354316.0,320665.0,2049320.0,131332,0.0,0.0,0.0,0.0,0.7671682281434891
IN,2019,5.310025,1269.07990430622,678.4888888888888,11.281184210526314,36.1,173515.4,10113765000,-2566.2,9.91,230.09,31003596,894471,582.0,3132.0,36420.0,199.46153846153845,409757.0,60782416.0,0.0,194489.0,32217710.0,333486.0,2288087.0,125026,0.0,0.0,0.0,0.0,0.6271301614594003
NY,2017,5.310025,1221.8788018433181,2359.528301886793,9.07451923076923,34.642857142857146,51291.2,31335161000,-1183.4,11.5,239.82,242182,1237311,1809.0,10192.0,54555.0,192.92307692307693,1614926.0,770295.0,0.0,29065182.0,48294737.0,903476.0,0.0,654976,-415671.0,0.0,3943886.0,666504.0,40.790077127956366
NY,2018,5.310025,1275.709649122807,2464.478260869565,8.861176470588235,34.653846153846146,53472.8,32091840000,-1308.0,11.485999999999999,252.28,271938,1350443,1809.0,10192.0,54555.0,201.6153846153846,1656914.0,690386.0,0.0,30910609.0,50604760.0,895779.0,0.0,1477290,-430718.0,0.0,4383410.0,641972.0,40.913819802316844
NY,2019,5.310025,1217.0363636363636,2084.0256410256407,8.317757009345794,34.607142857142854,53930.2,29920659000,-1682.4,11.094000000000001,230.09,186750,1312031,1809.0,10192.0,54555.0,199.46153846153845,1429142.0,421951.0,0.0,29540508.0,49315300.0,965454.0,0.0,491615,-315589.0,0.0,4849870.0,466349.0,41.267074018580935
KY,2017,5.310025,1306.7651785714286,82.93023255813954,14.378524590163936,28.777777777777782,184600.8,6226850000,-537.9,8.57,239.82,27671332,283678,662.0,3242.0,40408.0,192.92307692307693,0.0,57236509.0,0.0,4464904.0,9391096.0,0.0,0.0,515480,0.0,0.0,0.0,347480.0,6.688003103697372
KY,2018,5.310025,1666.54,379.46511627906983,13.95,28.33333333333333,187507.4,6524890000,-532.2,8.52,252.28,28566789,340125,662.0,3242.0,40408.0,201.6153846153846,0.0,59168143.0,0.0,4722899.0,14605519.0,0.0,0.0,87531,0.0,0.0,0.0,374922.0,6.456287562050863
KY,2019,5.310025,1564.7899082568808,167.9736842105263,14.21532258064516,28.11111111111111,190811.5,6484356000,-722.5,8.61,230.09,25167530,336191,662.0,3242.0,40408.0,199.46153846153845,0.0,51714431.0,0.0,4006900.0,14820531.0,0.0,0.0,64253,0.0,0.0,0.0,342698.0,6.130614193644086
OK,2017,5.310025,989.731797235023,43.047619047619044,16.553457943925235,43.9375,188157.2,4962910000,-609.6,8.2,239.82,10939560,664233,1147.0,5837.0,69899.0,192.92307692307693,0.0,17370737.0,0.0,2860801.0,31629583.0,0.0,0.0,16097,-117610.0,0.0,0.0,230816.0,5.720297645581809
OK,2018,5.310025,1008.6455399061032,15.481481481481481,15.66970297029703,45.153846153846146,193204.7,5224240000,-668.5,8.09,252.28,9541239,807023,1147.0,5837.0,69899.0,201.6153846153846,0.0,14906747.0,0.0,2391743.0,41881971.0,0.0,0.0,17982,-135051.0,0.0,0.0,252389.0,4.230039557263859
OK,2019,5.310025,1112.8951351351352,56.20833333333334,15.484854368932039,43.53846153846154,197900.4,5092299000,-806.1,7.86,230.09,5205509,835139,1147.0,5837.0,69899.0,199.46153846153845,0.0,7826059.0,0.0,1823671.0,44658127.0,0.0,0.0,17356,-104059.0,0.0,0.0,235820.0,3.5907834320724463
OR,2017,5.310025,1375.6686930091187,834.5820895522388,8.860824372759856,28.13636363636364,209581.3,4545849000,-712.0,5.757999999999999,239.82,1031022,247206,4492.0,25013.0,98379.0,192.92307692307693,351877.0,1728103.0,0.0,36642562.0,12116065.0,39246.0,0.0,10335,0.0,0.0,6506086.0,688330.0,76.0793283303896
OR,2018,5.310025,940.3680851063831,461.6144578313253,9.171267123287672,27.142857142857146,219279.9,4510093000,-734.2,5.834,252.28,897821,255713,4492.0,25013.0,98379.0,201.6153846153846,356621.0,1473684.0,0.0,36729205.0,17644249.0,34094.0,0.0,4950,0.0,0.0,7137096.0,672045.0,70.09149792549621
OR,2019,5.310025,1015.385064935065,749.7333333333332,8.390071174377223,25.863636363636363,225336.8,4596804000,-791.0,5.93,230.09,1499340,288976,4492.0,25013.0,98379.0,199.46153846153845,336461.0,2569160.0,0.0,29525527.0,21090795.0,35773.0,0.0,4782,0.0,0.0,7168734.0,739892.0,61.444482453257244
PA,2017,5.310025,1161.0521739130436,998.2666666666668,10.714051724137931,31.363636363636363,695560.8,23155780000,-1901.0,8.14,239.82,24384201,1350245,2418.0,13140.0,46054.0,192.92307692307693,1938122.0,47649977.0,0.0,2724431.0,59448553.0,863255.0,598856.0,349022,-605294.0,0.0,3378962.0,573091.0,6.850309797874981
PA,2018,5.310025,1664.254337899543,1269.1465517241381,10.188318584070798,30.380952380952376,708856.9,23884240000,-1971.1,8.078,252.28,23502780,1460456,2418.0,13140.0,46054.0,201.6153846153846,1873110.0,44147852.0,0.0,3530419.0,76820108.0,798304.0,411358.0,598719,-659143.0,0.0,3615437.0,471691.0,6.7104763617642735
PA,2019,5.310025,1320.2602040816325,821.6785714285713,10.365660377358493,30.65217391304348,726165.9,22380321000,-2079.5,7.816,230.09,20743451,1612589,2418.0,13140.0,46054.0,199.46153846153845,1675140.0,38775548.0,0.0,4039747.0,98400586.0,873083.0,521110.0,235357,-565629.0,0.0,3548793.0,423024.0,6.165939862171928
MA,2017,5.310025,1222.858762886598,1488.9454545454544,10.0982,37.29411764705883,55964.7,14262389000,-162.0,13.71,239.82,558920,448996,176.0,1012.0,10554.0,192.92307692307693,1055222.0,1136318.0,0.0,825466.0,21341446.0,832188.0,0.0,250107,-443012.0,0.0,0.0,138227.0,6.269515366071926
MA,2018,5.310025,1565.595283018868,1562.7096774193549,9.936326530612245,36.23529411764706,57302.7,15679244000,-169.0,14.78,252.28,0,438577,176.0,1012.0,10554.0,201.6153846153846,1066131.0,0.0,0.0,1135495.0,18796093.0,854594.0,0.0,474486,-463783.0,0.0,0.0,130883.0,8.4965653429617
MA,2019,5.310025,1375.035294117647,1286.2459016393445,9.413921568627453,36.333333333333336,58793.3,14961379000,-171.6,14.692,230.09,0,433774,176.0,1012.0,10554.0,199.46153846153845,925671.0,0.0,0.0,1079431.0,15930845.0,920576.0,0.0,124080,-436378.0,0.0,0.0,118640.0,9.0412913558556
LA,2017,5.310025,1693.8844827586206,2.7142857142857144,20.53172413793104,30.57142857142857,228819.3,7104647000,-651.3,7.79,239.82,8397844,1593181,789.0,4461.0,52378.0,192.92307692307693,85955.0,12315034.0,0.0,1231096.0,57884019.0,616487.0,2164779.0,4561055,0.0,0.0,0.0,2709849.0,4.936845911438557
LA,2018,5.310025,1707.6778761061944,23.5625,20.04490196078432,29.33333333333333,235021.9,7262710000,-652.2,7.71,252.28,8110980,1738734,789.0,4461.0,52378.0,201.6153846153846,87427.0,11786724.0,0.0,958893.0,61785552.0,625074.0,1922580.0,4394810,0.0,0.0,0.0,2638120.0,4.375862092718718
LA,2019,5.310025,1611.4935779816517,0.0,20.007454545454546,29.153846153846153,239967.2,7178850000,-797.5,7.71,230.09,5287184,1861894,789.0,4461.0,52378.0,199.46153846153845,75715.0,7418815.0,0.0,1146727.0,70395010.0,462844.0,2633249.0,3183582,0.0,0.0,0.0,2130778.0,3.8345863629876566
SC,2017,5.310025,1283.8229508196719,60.08163265306123,17.907460317460316,27.5,202644.5,7782586000,-479.3,9.97,239.82,7647695,278768,284.0,1689.0,32020.0,192.92307692307693,184992.0,18151767.0,0.0,2704375.0,16368096.0,41196.0,0.0,88594,-1024829.0,0.0,0.0,2501731.0,11.190992743936693
SC,2018,5.310025,1576.4620689655173,63.57446808510638,17.380937499999998,27.30769230769231,209012.5,7891241000,-462.2,9.67,252.28,8282057,330362,284.0,1689.0,32020.0,201.6153846153846,195675.0,19497538.0,0.0,2555149.0,22044620.0,41651.0,0.0,275913,-704735.0,0.0,0.0,2387816.0,9.577787024550918
SC,2019,5.310025,1276.5362637362634,0.9622641509433962,17.823382352941177,26.615384615384613,214933.7,8035727000,-559.4,10.02,230.09,6473162,337310,284.0,1689.0,32020.0,199.46153846153845,142650.0,14859921.0,0.0,2836321.0,24242129.0,42300.0,0.0,96829,-908655.0,0.0,0.0,2275424.0,9.970284892125548
AR,2017,5.310025,1291.847120418848,41.93103448275862,16.763253012048196,27.588235294117645,302117.8,3804770000,-734.3,8.26,239.82,15193337,311609,1108.0,5964.0,53179.0,192.92307692307693,118625.0,26285433.0,0.0,3951323.0,17588176.0,4879.0,0.0,48204,0.0,0.0,0.0,1371717.0,11.022576667884653
AR,2018,5.310025,1632.421243523316,53.57758620689656,15.856739130434782,27.294117647058826,314016.1,3859004000,-789.0,7.78,252.28,17452295,360804,1108.0,5964.0,53179.0,201.6153846153846,101201.0,29996099.0,0.0,3536348.0,19139636.0,5087.0,0.0,36872,0.0,0.0,0.0,1352453.0,9.212136325680161
AR,2019,5.310025,1707.4664864864865,21.192982456140353,16.026153846153846,26.0,323597.6,3952274000,-809.8,8.22,230.09,13766806,360024,1108.0,5964.0,53179.0,199.46153846153845,78206.0,23318634.0,0.0,2718800.0,20328679.0,4839.0,0.0,46729,0.0,0.0,0.0,1275809.0,8.525581758704988
AZ,2017,5.310025,273.273046875,308.73214285714283,15.527986577181208,31.125,114950.7,8259483000,-782.9,10.64,239.82,16929036,321451,515.0,3090.0,113990.0,192.92307692307693,37196.0,31396139.0,0.0,6972056.0,29550427.0,0.0,0.0,56552,-45830.0,4737100.0,0.0,0.0,16.09344731570524
AZ,2018,5.310025,353.0838056680162,145.75,15.203493150684931,29.5,116698.8,8500556000,-792.9,10.85,252.28,16813552,384753,515.0,3090.0,113990.0,201.6153846153846,38217.0,30744623.0,0.0,6950056.0,37527842.0,0.0,0.0,50084,-4526.0,5170637.0,0.0,0.0,15.102941360849325
AZ,2019,5.310025,427.1163090128756,594.4,14.160921985815605,30.35294117647059,117447.1,8197120000,-1223.6,10.52,230.09,12874791,468482,515.0,3090.0,113990.0,199.46153846153845,34125.0,23217973.0,0.0,6095517.0,46094622.0,0.0,0.0,63880,2473.0,5108424.0,0.0,0.0,13.94313488217264
UT,2017,5.310025,476.2622950819672,1279.9529411764704,9.01378238341969,31.1,153986.0,2631505000,-376.3,8.6,239.82,12438027,221834,678.0,4005.0,84897.0,192.92307692307693,73283.0,26389569.0,462659.0,818620.0,5902457.0,122049.0,0.0,38558,0.0,0.0,0.0,0.0,4.006726970397869
UT,2018,5.310025,396.1867021276596,1057.2021276595744,8.736938775510204,28.66666666666667,162574.4,2565210000,-410.7,8.21,252.28,12331680,244058,678.0,4005.0,84897.0,201.6153846153846,80921.0,25912474.0,469049.0,1273062.0,8806188.0,231086.0,0.0,35669,0.0,0.0,0.0,0.0,4.952754189669877
UT,2019,5.310025,599.2206896551725,1607.8314606741574,7.31765625,28.7,168792.7,2565333000,-427.0,8.24,230.09,11890687,264046,678.0,4005.0,84897.0,199.46153846153845,67925.0,25241025.0,445335.0,781046.0,9436460.0,202645.0,0.0,40167,0.0,0.0,0.0,0.0,3.5739891998816056
NM,2017,5.310025,378.48384615384623,414.4805194805195,12.600459770114947,41.230769230769226,1424905.5,2207689000,-6712.6,9.59,239.82,10493731,239305,917.0,5113.0,121590.0,192.92307692307693,18009.0,18414482.0,0.0,249686.0,9175019.0,0.0,0.0,44634,0.0,0.0,0.0,0.0,0.9594173572127707
NM,2018,5.310025,349.5131205673759,321.57894736842104,11.838421052631581,25.96,1467076.8,2249649000,-7058.5,9.35,252.28,7261657,271547,917.0,5113.0,121590.0,201.6153846153846,20264.0,13401533.0,0.0,192695.0,11531570.0,0.0,0.0,20458,0.0,0.0,0.0,0.0,0.8461996334813077
NM,2019,5.310025,358.51630434782606,628.1527777777778,11.128163265306123,28.863636363636363,1490678.5,2235999000,-7176.7,8.99,230.09,8148441,296753,917.0,5113.0,121590.0,199.46153846153845,17375.0,14691666.0,0.0,132733.0,12002941.0,0.0,0.0,32231,0.0,0.0,0.0,0.0,0.5585009546843603
TX,2017,5.310025,897.5801672640382,33.841911764705884,19.67577049180328,39.879310344827594,1651329.5,33677747000,-3412.5,8.38,239.82,93487554,3867275,1367.0,6862.0,268596.0,192.92307692307693,669365.0,134626796.0,0.0,1585596.0,203403160.0,531574.0,2569954.0,177554,0.0,0.0,67092489.0,878477.0,17.064388927439012
TX,2018,5.310025,1016.4742610837437,43.17857142857143,19.029312714776637,40.274193548387096,1715231.0,35993641000,-3540.3,8.48,252.28,75899022,4464219,1367.0,6862.0,268596.0,201.6153846153846,623355.0,111474565.0,0.0,1432860.0,237357648.0,96141.0,2424883.0,134198,0.0,0.0,75752818.0,947077.0,18.30500676076384
TX,2019,5.310025,796.372463768116,22.68333333333333,19.002702702702702,40.1,1764357.2,36910422000,-4473.3,8.6,230.09,63310631,4619800,1367.0,6862.0,268596.0,199.46153846153845,497487.0,91822289.0,0.0,998163.0,254618244.0,503168.0,2874272.0,161956,0.0,0.0,84429125.0,831513.0,19.864688254145868
VA,2017,5.310025,1077.281935483871,227.7763157894737,14.228026315789476,30.875,29312.4,10264355000,-81.8,5.756,239.82,5274592,566676,1080.0,5963.0,42775.0,192.92307692307693,848150.0,10808505.0,0.0,1617204.0,46735560.0,213323.0,0.0,439555,-1277795.0,0.0,0.0,3186772.0,6.990957224236796
VA,2018,5.310025,1624.0532544378698,609.9156626506024,13.82841463414634,31.41666666666667,29565.4,11254537000,-90.4,6.376,252.28,4938516,634162,1080.0,5963.0,42775.0,201.6153846153846,1200186.0,9313272.0,0.0,1450118.0,50359115.0,471226.0,0.0,849976,-1291976.0,0.0,0.0,2952557.0,6.601209283149574
VA,2019,5.310025,1190.5372881355934,195.14772727272728,14.267608695652173,30.13333333333333,29806.2,11362413000,-94.4,6.093999999999999,230.09,2006332,684597,1080.0,5963.0,42775.0,199.46153846153845,1073389.0,3462084.0,0.0,1551145.0,58499127.0,558318.0,0.0,302212,-1104203.0,0.0,0.0,2729377.0,6.33609093490734
MD,2017,5.310025,1087.175,416.68421052631584,13.617083333333332,34.142857142857146,365857.0,10541329000,-1133.2,9.416,239.82,3780497,222881,189.0,1036.0,12406.0,192.92307692307693,428843.0,8504409.0,0.0,1963384.0,6728959.0,324435.0,0.0,114275,0.0,0.0,0.0,120338.0,13.816960827880976
MD,2018,5.310025,1760.6405405405405,595.0869565217391,13.39875,34.142857142857146,368810.4,10566539000,-1139.1,9.08,252.28,4481491,300637,189.0,1036.0,12406.0,201.6153846153846,429143.0,10066924.0,0.0,2828853.0,13934737.0,326400.0,0.0,250767,0.0,0.0,0.0,104042.0,12.03269075482485
MD,2019,5.310025,1175.2175,645.84,13.6888,33.57142857142857,374039.3,9931619000,-1215.0,8.777999999999999,230.09,2676056,300876,189.0,1036.0,12406.0,199.46153846153845,343970.0,5721572.0,0.0,2204934.0,14839476.0,328759.0,0.0,78449,0.0,0.0,0.0,60123.0,11.065850971886794
WA,2017,5.310025,1435.3528735632183,1205.638888888889,8.050273224043716,29.0,489435.0,7371993000,-1589.3,4.4719999999999995,239.82,3623129,324882,6055.0,35442.0,71298.0,192.92307692307693,331303.0,5488674.0,0.0,82824584.0,9077246.0,56698.0,0.0,22724,0.0,0.0,0.0,1704078.0,85.28184833397881
WA,2018,5.310025,1228.0429602888087,778.1282051282051,8.676542553191489,30.28,524486.9,7268869000,-1669.4,4.57,252.28,3628396,307985,6055.0,35442.0,71298.0,201.6153846153846,228243.0,5382864.0,0.0,81576069.0,10423084.0,60342.0,0.0,24649,0.0,0.0,0.0,1569413.0,83.99134358627356
WA,2019,5.310025,975.0676691729325,1016.7058823529413,7.9339378238341975,27.222222222222218,548686.7,7412065000,-1744.8,4.744,230.09,4804176,345210,6055.0,35442.0,71298.0,199.46153846153845,132244.0,7170101.0,0.0,66181159.0,13716250.0,66501.0,0.0,19666,0.0,0.0,0.0,1469508.0,76.37043926631237
AL,2017,5.310025,1692.2658682634728,22.857142857142854,18.154153846153847,24.53333333333333,52825.9,8476458000,-103.2,9.83,239.82,16231437,661366,646.0,3435.0,52420.0,192.92307692307693,38034.0,31454501.0,0.0,9202241.0,52253582.0,0.0,11120.0,41237,0.0,0.0,0.0,3338681.0,13.05691806496275
AL,2018,5.310025,1706.5959302325582,9.888888888888891,17.915915492957748,25.466666666666665,52928.7,8694405000,-110.6,9.63,252.28,16234892,750188,646.0,3435.0,52420.0,201.6153846153846,41990.0,31783767.0,0.0,11058477.0,58787919.0,0.0,977.0,68116,0.0,0.0,0.0,3398420.0,13.79012084744496
AL,2019,5.310025,1550.4642424242425,4.4,18.30367647058824,24.642857142857146,53255.2,8658756000,-113.9,9.83,230.09,14244733,729402,646.0,3435.0,52420.0,199.46153846153845,34344.0,26694356.0,0.0,10839225.0,56628348.0,0.0,5924.0,19063,0.0,0.0,0.0,3428048.0,14.645896927400655
CA,2017,5.310025,780.3635838150287,981.0987654320987,15.05397489539749,28.80281690140845,2628314.6,46301978000,-8428.0,11.992,239.82,0,2116902,3360.0,18570.0,163695.0,192.92307692307693,2572817.0,291092.0,11623582.0,42693084.0,87906304.0,837790.0,1418707.0,45808,407454.0,23100169.0,13970725.0,3338265.0,51.914498680399305
CA,2018,5.310025,501.470099009901,558.8295454545455,14.937510373443985,27.82608695652174,2708966.9,49756685000,-8829.4,12.886,252.28,0,2137920,3360.0,18570.0,163695.0,201.6153846153846,2743465.0,281330.0,12026768.0,25897544.0,92202204.0,852396.0,1455160.0,69644,-148574.0,26950988.0,13650058.0,3032388.0,47.00913486512692
CA,2019,5.310025,836.2747323340471,1040.7682926829268,14.132047930283225,28.558823529411764,2800505.4,53600889000,-9110.5,13.515999999999998,230.09,0,2154030,3360.0,18570.0,163695.0,199.46153846153845,2540348.0,240456.0,11406526.0,40051234.0,85535097.0,764388.0,1476270.0,52104,-30615.0,28620252.0,14970454.0,3241489.0,53.370442001231936
DE,2017,5.310025,1143.9,357.5,14.09,38.0,61851.1,1571642000,-189.7,8.04,239.82,186326,98966,5.0,30.0,2489.0,192.92307692307693,0.0,358798.0,0.0,0.0,6663726.0,0.0,471362.0,38984,0.0,0.0,0.0,0.0,0.0
DE,2018,5.310025,1574.533333333333,591.0,14.156666666666665,35.5,63162.6,1606544000,-177.7,7.834,252.28,166596,95516,5.0,30.0,2489.0,201.6153846153846,0.0,273389.0,0.0,0.0,5204057.0,0.0,252180.0,152317,0.0,0.0,0.0,0.0,0.0
DE,2019,5.310025,1134.8,209.33333333333331,13.9025,33.5,64319.3,1544995000,-194.0,7.732,230.09,85162,89214,5.0,30.0,2489.0,199.46153846153845,0.0,119120.0,0.0,0.0,4679327.0,0.0,193995.0,42196,0.0,0.0,0.0,0.0,0.0
VT,2017,5.310025,1203.0263157894738,2978.842105263158,7.0480769230769225,24.2,468125.4,791896000,-1146.4,14.6,239.82,0,11926,400.0,2338.0,9616.0,192.92307692307693,0.0,0.0,0.0,1210670.0,1807.0,0.0,0.0,6097,0.0,0.0,278821.0,434400.0,99.59084685486815
VT,2018,5.310025,1139.7304347826089,2877.3,6.7489655172413805,23.8,478835.0,837032000,-1146.9,15.13,252.28,0,13742,400.0,2338.0,9616.0,201.6153846153846,0.0,0.0,0.0,1391605.0,1800.0,0.0,0.0,6064,0.0,0.0,393411.0,409060.0,99.64286038674986
VT,2019,5.310025,1277.3097560975611,2843.1304347826085,5.7832,23.8,489168.4,833823000,-1237.4,15.36,230.09,0,13866,400.0,2338.0,9616.0,199.46153846153845,0.0,0.0,0.0,1198300.0,1851.0,0.0,0.0,1147,0.0,0.0,384022.0,412532.0,99.84993883430805
WY,2017,5.310025,589.3935742971887,1708.7096774193549,5.209183673469388,39.8235294117647,37866.3,1388664000,-88.9,8.28,239.82,24678982,149405,2476.0,13949.0,97813.0,192.92307692307693,0.0,40147517.0,0.0,1035667.0,790463.0,0.0,0.0,43521,0.0,0.0,4397585.0,0.0,11.705872915019068
WY,2018,5.310025,494.1032,1590.5816326530612,4.788978494623656,38.16666666666666,38696.3,1364803000,-82.3,8.09,252.28,24377593,165384,2476.0,13949.0,97813.0,201.6153846153846,0.0,39584253.0,0.0,1108696.0,945979.0,0.0,0.0,40371,0.0,0.0,4187009.0,0.0,11.545958746014612
WY,2019,5.310025,561.7683794466403,2094.2,3.743333333333333,37.25,39214.0,1358431000,-93.1,8.1,230.09,21276827,154836,2476.0,13949.0,97813.0,199.46153846153845,0.0,34846117.0,0.0,820100.0,1041759.0,0.0,0.0,43645,0.0,0.0,4041722.0,0.0,11.9181749826191
NJ,2017,5.310025,1167.8366972477065,664.6153846153846,12.454230769230769,28.45454545454545,91772.3,14211919000,-271.9,10.46,239.82,630615,706589,61.0,359.0,8723.0,192.92307692307693,938024.0,1216521.0,0.0,25916.0,36354501.0,582147.0,219492.0,143738,-161819.0,0.0,0.0,0.0,2.040058984926188
NJ,2018,5.310025,1699.087610619469,842.375,12.221785714285714,29.11111111111111,93870.9,14429778000,-290.6,10.372,252.28,648154,770284,61.0,359.0,8723.0,201.6153846153846,956744.0,1193288.0,0.0,35538.0,38797284.0,552258.0,212048.0,326225,-115102.0,0.0,0.0,0.0,2.0906003231829104
NJ,2019,5.310025,1406.4039603960393,401.1,12.362222222222224,30.11111111111111,98765.7,14053688000,-329.6,10.485999999999999,230.09,529624,766824,61.0,359.0,8723.0,199.46153846153845,804546.0,1041530.0,0.0,26468.0,40589384.0,616021.0,216377.0,153061,-93829.0,0.0,0.0,0.0,1.7004025367421978
NH,2017,5.310025,1279.5742857142855,2739.030303030303,7.547272727272728,36.22222222222222,540656.6,2481213000,-1617.4,12.368,239.82,134046,52071,394.0,2339.0,9349.0,192.92307692307693,140230.0,287280.0,0.0,1287623.0,3580104.0,48685.0,0.0,104917,0.0,0.0,0.0,1640260.0,43.279308132105356
NH,2018,5.310025,1385.6246575342466,2604.96875,7.25547619047619,41.0,549000.8,2784299000,-1597.4,13.392000000000001,252.28,293754,49888,394.0,2339.0,9349.0,201.6153846153846,145173.0,666175.0,0.0,1640984.0,2991539.0,47677.0,0.0,181663,0.0,0.0,0.0,1413181.0,45.14762942834661
NH,2019,5.310025,1274.7391304347825,2210.96875,6.749189189189188,47.33333333333334,556731.0,2696216000,-1625.7,13.46,230.09,159462,53624,394.0,2339.0,9349.0,199.46153846153845,129325.0,343015.0,0.0,1232814.0,3582516.0,54641.0,0.0,29803,0.0,0.0,0.0,1262554.0,39.56027641473545
NV,2017,5.310025,447.6992753623188,737.483870967742,9.896092715231786,24.83333333333333,489026.6,3385366000,-1214.0,5.4079999999999995,239.82,1097176,293849,226.0,1208.0,110572.0,192.92307692307693,0.0,1865590.0,3364691.0,1793114.0,26647433.0,0.0,0.0,8747,0.0,0.0,0.0,0.0,15.314341110302015
NV,2018,5.310025,334.99057971014486,603.516129032258,9.573288590604028,26.5,501955.0,3478147000,-1181.5,5.268,252.28,1411665,299783,226.0,1208.0,110572.0,201.6153846153846,0.0,2485047.0,3629936.0,1887653.0,26800295.0,0.0,0.0,10245,0.0,0.0,0.0,0.0,15.84913999228338
NV,2019,5.310025,520.5180327868852,880.8936170212766,8.479568345323743,27.142857142857146,511539.9,3446596000,-1483.0,5.392,230.09,1551121,302373,226.0,1208.0,110572.0,199.46153846153845,0.0,2735459.0,3767768.0,2233346.0,25777662.0,0.0,0.0,12344,0.0,0.0,0.0,0.0,17.381142800159843
KS,2017,5.310025,787.5332530120481,123.96803652968036,13.545593220338983,45.0,154456.6,4270108000,-1089.7,10.6,239.82,12542106,269919,2479.0,14931.0,82278.0,192.92307692307693,0.0,19399618.0,0.0,29218.0,2661594.0,0.0,0.0,61439,0.0,0.0,18500571.0,0.0,45.581000796016184
KS,2018,5.310025,864.9126550868486,347.30357142857144,12.481889763779527,43.952380952380956,158192.7,4504726000,-1261.1,10.72,252.28,13175858,310028,2479.0,14931.0,82278.0,201.6153846153846,0.0,20467541.0,0.0,26420.0,3896731.0,0.0,0.0,56427,0.0,0.0,19295205.0,0.0,44.17146423221592
KS,2019,5.310025,998.2420512820512,491.1772727272728,12.137310924369748,44.05,160059.3,4223724000,-2001.6,10.26,230.09,11535465,306050,2479.0,14931.0,82278.0,199.46153846153845,0.0,17314602.0,0.0,20473.0,3638383.0,0.0,0.0,68018,0.0,0.0,21501124.0,0.0,50.5883443889184
OH,2017,5.310025,1158.690052356021,540.1756756756756,11.794285714285715,36.458333333333336,592725.7,23608526000,-1553.7,7.914,239.82,28522773,948324,491.0,2561.0,44826.0,192.92307692307693,452605.0,68583587.0,0.0,553225.0,28134021.0,0.0,841169.0,772322,0.0,0.0,0.0,257737.0,1.2687095110093547
OH,2018,5.310025,1260.6370731707318,717.4769230769231,11.265696202531645,35.291666666666664,606141.5,25012398000,-1619.8,7.992000000000001,252.28,25121096,1162745,491.0,2561.0,44826.0,201.6153846153846,453024.0,58794343.0,0.0,565064.0,42673026.0,0.0,698837.0,1096414,0.0,0.0,0.0,234378.0,1.1983590579449936
OH,2019,5.310025,1185.5403846153847,717.6,11.361829268292682,36.0,615474.4,23266188000,-1930.9,7.704,230.09,19605849,1179077,491.0,2561.0,44826.0,199.46153846153845,455594.0,46795303.0,0.0,254588.0,50999345.0,0.0,722432.0,930539,0.0,0.0,0.0,241054.0,0.9474570203016758
ND,2017,5.310025,343.65121951219515,800.8076923076923,5.653913043478261,47.22222222222222,143590.9,1767923000,-327.2,8.78,239.82,22210443,109440,252.0,1523.0,70698.0,192.92307692307693,6161.0,26844713.0,0.0,2036458.0,936038.0,0.0,42212.0,36107,0.0,0.0,0.0,0.0,6.831115794161327
ND,2018,5.310025,482.48607594936715,1342.9545454545455,4.433076923076923,44.25,149663.0,1842373000,-354.1,8.91,252.28,23101890,126325,252.0,1523.0,70698.0,201.6153846153846,3849.0,27656493.0,0.0,2522735.0,689204.0,0.0,50987.0,38647,0.0,0.0,0.0,0.0,8.16029628658305
ND,2019,5.310025,666.7848484848485,1847.2758620689654,3.477619047619048,46.375,153728.6,1908490000,-386.6,8.85,230.09,21329202,134722,252.0,1523.0,70698.0,199.46153846153845,2572.0,25247528.0,0.0,2801160.0,1245467.0,0.0,49646.0,33553,0.0,0.0,0.0,0.0,9.54301927104922
CO,2017,5.310025,516.208611599297,1531.2685714285715,7.3972093023255825,35.041666666666664,328510.2,5476216000,-1121.4,9.99,239.82,16628006,438137,3802.0,22699.0,104094.0,192.92307692307693,75018.0,29242215.0,0.0,2018440.0,12650410.0,0.0,0.0,8470,-326652.0,0.0,9567088.0,0.0,21.29030964954271
CO,2018,5.310025,401.0677530017153,1346.291891891892,6.890761589403972,26.764705882352942,342865.6,5655389000,-1122.8,10.02,252.28,15266074,485735,3802.0,22699.0,104094.0,201.6153846153846,77956.0,26382061.0,0.0,1922150.0,16824147.0,0.0,0.0,12011,-262738.0,0.0,9819107.0,0.0,21.098200931985126
CO,2019,5.310025,522.1292418772563,2346.888268156425,5.859619047619049,29.096774193548388,356280.2,5750431000,-1213.8,10.17,230.09,14515416,520139,3802.0,22699.0,104094.0,199.46153846153845,73486.0,25320309.0,0.0,1606930.0,17087658.0,0.0,0.0,10705,-191882.0,0.0,10925947.0,0.0,22.64046534037537
