State,Year,annual_gdp,total_natural_gas_consumption,annual_subsidies,annual_average_snowfall,annual_revenue_of_electricity_providers,annual_average_windspeed,annual_average_precipitation,annual_average_temperature,prime_supplier_residual_oil,average_electricity_price,annual_average_dni,total_coal_consumption,potential_hydro_cap,potential_hydro_gen,total_state_area,producer_price_index,electricity_generated_from_natural_gas,electricity_generated_from_others,electricity_generated_from_geothermal,electricity_generated_from_hydroelectrical,electricity_generated_from_petroleum,electricity_generated_from_biomass,electricity_generated_from_wind,electricity_generated_from_coal,electricity_generated_from_other_gases,electricity_generated_from_solar_and_photovoltaics,electricity_generated_from_wood_and_wood_derivatives,electricity_generated_from_pump_storage,renewable_energy_percentage
AZ,2018,116698.8,384753,-792.9,145.75,8500556000,29.5,353.0838056680162,15.203493150684931,252.28,10.85,5.310025,16813552,515.0,3090.0,113990.0,201.6153846153846,37527842.0,0.0,0.0,6950056.0,50084,38217.0,0.0,30744623.0,0.0,5170637.0,0.0,-4526.0,15.102941360849325
AZ,2019,117447.1,468482,-1223.6,594.4,8197120000,30.35294117647059,427.1163090128756,14.160921985815605,230.09,10.52,5.310025,12874791,515.0,3090.0,113990.0,199.46153846153845,46094622.0,0.0,0.0,6095517.0,63880,34125.0,0.0,23217973.0,0.0,5108424.0,0.0,2473.0,13.94313488217264
CA,2018,2708966.9,2137920,-8829.4,558.8295454545455,49756685000,27.82608695652174,501.470099009901,14.937510373443985,252.28,12.886,5.310025,0,3360.0,18570.0,163695.0,201.6153846153846,92202204.0,852396.0,12026768.0,25897544.0,69644,2743465.0,13650058.0,281330.0,1455160.0,26950988.0,3032388.0,-148574.0,47.00913486512692
MN,2017,327667.5,451979,-1425.1,795.1538461538463,6897622000,38.86666666666667,800.8968911917099,6.2384375,239.82,10.27,5.310025,13359389,516.0,2870.0,86936.0,192.92307692307693,7138994.0,396232.0,0.0,1257150.0,43266,663642.0,10884720.0,23332563.0,0.0,0.0,1352087.0,0.0,31.413405423645443
WI,2019,72340.4,576650,-120.4,2092.603260869565,7370279000,35.05882352941177,1169.18,6.184630872483221,230.09,10.66,5.310025,14694837,522.0,3287.0,65496.0,199.46153846153845,21136978.0,47358.0,0.0,1992705.0,136230,516821.0,1649214.0,26348949.0,0.0,0.0,841486.0,0.0,9.493545829283649
NE,2017,74253.6,166286,-150.2,618.531746031746,2755770000,44.125,675.5027149321268,10.485945945945947,239.82,9.08,5.310025,12570426,1851.0,11332.0,77348.0,192.92307692307693,680155.0,0.0,0.0,1593535.0,7563,95131.0,5237449.0,21392460.0,0.0,0.0,0.0,0.0,23.877973652131278
LA,2019,239967.2,1861894,-797.5,0.0,7178850000,29.153846153846153,1611.4935779816517,20.007454545454546,230.09,7.71,5.310025,5287184,789.0,4461.0,52378.0,199.46153846153845,70395010.0,462844.0,0.0,1146727.0,3183582,75715.0,0.0,7418815.0,2633249.0,0.0,2130778.0,0.0,3.8345863629876566
AK,2017,193693.0,347725,-543.8,1678.7959183673472,1181289000,35.22857142857143,1021.172027972028,0.028256410256410267,239.82,19.1,5.310025,622917,4530.0,39683.0,665384.0,192.92307692307693,2541155.0,0.0,0.0,1780638.0,887812,0.0,0.0,558365.0,0.0,0.0,0.0,0.0,30.871138372772393
MI,2017,457341.5,870756,-1101.4,1603.575221238938,12077266000,37.083333333333336,1004.9098039215686,7.993525179856116,239.82,7.212000000000001,5.310025,24058073,380.0,2407.0,96714.0,192.92307692307693,26287232.0,259981.0,0.0,1612465.0,1124025,977656.0,5072481.0,41992898.0,1652167.0,0.0,1600532.0,-674759.0,10.74827558907127
PA,2019,726165.9,1612589,-2079.5,821.6785714285713,22380321000,30.65217391304348,1320.2602040816325,10.365660377358493,230.09,7.816,5.310025,20743451,2418.0,13140.0,46054.0,199.46153846153845,98400586.0,873083.0,0.0,4039747.0,235357,1675140.0,3548793.0,38775548.0,521110.0,0.0,423024.0,-565629.0,6.165939862171928
ND,2018,149663.0,126325,-354.1,1342.9545454545455,1842373000,44.25,482.48607594936715,4.433076923076923,252.28,8.91,5.310025,23101890,252.0,1523.0,70698.0,201.6153846153846,689204.0,0.0,0.0,2522735.0,38647,3849.0,0.0,27656493.0,50987.0,0.0,0.0,0.0,8.16029628658305
AL,2017,52825.9,661366,-103.2,22.857142857142854,8476458000,24.53333333333333,1692.2658682634728,18.154153846153847,239.82,9.83,5.310025,16231437,646.0,3435.0,52420.0,192.92307692307693,52253582.0,0.0,0.0,9202241.0,41237,38034.0,0.0,31454501.0,11120.0,0.0,3338681.0,0.0,13.05691806496275
MS,2019,287659.3,570154,-1873.4,2.303030303030303,4542721000,25.222222222222218,1804.0046511627909,18.696285714285715,230.09,9.28,5.310025,3833217,1112.0,6361.0,48432.0,199.46153846153845,49629732.0,0.0,0.0,0.0,13713,15539.0,0.0,4414340.0,0.0,0.0,1405654.0,0.0,2.561678407269867
LA,2018,235021.9,1738734,-652.2,23.5625,7262710000,29.33333333333333,1707.6778761061944,20.04490196078432,252.28,7.71,5.310025,8110980,789.0,4461.0,52378.0,201.6153846153846,61785552.0,625074.0,0.0,958893.0,4394810,87427.0,0.0,11786724.0,1922580.0,0.0,2638120.0,0.0,4.375862092718718
NH,2018,549000.8,49888,-1597.4,2604.96875,2784299000,41.0,1385.6246575342466,7.25547619047619,252.28,13.392000000000001,5.310025,293754,394.0,2339.0,9349.0,201.6153846153846,2991539.0,47677.0,0.0,1640984.0,181663,145173.0,0.0,666175.0,0.0,0.0,1413181.0,0.0,45.14762942834661
SC,2019,214933.7,337310,-559.4,0.9622641509433962,8035727000,26.615384615384613,1276.5362637362634,17.823382352941177,230.09,10.02,5.310025,6473162,284.0,1689.0,32020.0,199.46153846153845,24242129.0,42300.0,0.0,2836321.0,96829,142650.0,0.0,14859921.0,0.0,0.0,2275424.0,-908655.0,9.970284892125548
FL,2018,936580.3,1477160,-2413.7,0.1,24613584000,32.1578947368421,1543.0086021505374,23.27317307692308,252.28,10.32,5.310025,13365449,171.0,962.0,65758.0,201.6153846153846,172555688.0,2996373.0,0.0,238776.0,2076231,2645399.0,0.0,30123970.0,5489.0,0.0,2465490.0,0.0,2.5103138597485506
IA,2019,74937.1,442873,-337.9,1192.7131147540986,4635849000,43.8,1093.92,8.267307692307693,230.09,9.08,5.310025,12788791,738.0,3876.0,56273.0,199.46153846153845,8171030.0,0.0,0.0,748645.0,142497,208909.0,26558274.0,22174734.0,0.0,0.0,0.0,0.0,47.43773839806362
DE,2019,64319.3,89214,-194.0,209.33333333333331,1544995000,33.5,1134.8,13.9025,230.09,7.732,5.310025,85162,5.0,30.0,2489.0,199.46153846153845,4679327.0,0.0,0.0,0.0,42196,0.0,0.0,119120.0,193995.0,0.0,0.0,0.0,0.0
GA,2017,519452.6,689501,-1329.2,75.23728813559322,13114685000,24.92857142857143,1374.153448275862,18.29088888888889,239.82,9.83,5.310025,16769956,580.0,3341.0,59425.0,192.92307692307693,53474177.0,107750.0,0.0,3139526.0,269791,187578.0,0.0,32472708.0,0.0,0.0,4729903.0,-1247579.0,7.31144230324668
WA,2019,548686.7,345210,-1744.8,1016.7058823529413,7412065000,27.222222222222218,975.0676691729325,7.9339378238341975,230.09,4.744,5.310025,4804176,6055.0,35442.0,71298.0,199.46153846153845,13716250.0,66501.0,0.0,66181159.0,19666,132244.0,0.0,7170101.0,0.0,0.0,1469508.0,0.0,76.37043926631237
OK,2019,197900.4,835139,-806.1,56.20833333333334,5092299000,43.53846153846154,1112.8951351351352,15.484854368932039,230.09,7.86,5.310025,5205509,1147.0,5837.0,69899.0,199.46153846153845,44658127.0,0.0,0.0,1823671.0,17356,0.0,0.0,7826059.0,0.0,0.0,235820.0,-104059.0,3.5907834320724463
NE,2019,77240.3,185260,-146.1,1114.6869565217391,2759154000,44.06666666666667,863.005900621118,8.730582524271844,230.09,9.08,5.310025,13064155,1851.0,11332.0,77348.0,199.46153846153845,1216716.0,0.0,0.0,1159956.0,18845,78595.0,7414499.0,20342865.0,0.0,0.0,0.0,0.0,28.622651437859005
ND,2019,153728.6,134722,-386.6,1847.2758620689654,1908490000,46.375,666.7848484848485,3.477619047619048,230.09,8.85,5.310025,21329202,252.0,1523.0,70698.0,199.46153846153845,1245467.0,0.0,0.0,2801160.0,33553,2572.0,0.0,25247528.0,49646.0,0.0,0.0,0.0,9.54301927104922
HI,2018,82203.9,3282,-257.4,0.0,2725018000,41.75,2160.6984126984125,21.386388888888884,252.28,29.18,5.310025,734351,145.0,699.0,10932.0,201.6153846153846,0.0,383430.0,322330.0,103061.0,6756303,307051.0,542656.0,1311202.0,55722.0,0.0,0.0,0.0,13.03547267335974
MS,2017,279264.3,526862,-1123.7,40.20588235294117,4348025000,27.09090909090909,1604.96484375,18.992916666666666,239.82,9.09,5.310025,3864960,1112.0,6361.0,48432.0,192.92307692307693,46994320.0,1855.0,0.0,0.0,11902,12977.0,0.0,4628230.0,0.0,0.0,1471741.0,0.0,2.7949724238190057
ID,2017,752459.2,111334,-2881.8,1521.2727272727273,1964825000,24.125,857.4905882352942,6.692364532019704,239.82,8.26,5.310025,0,4937.0,28645.0,83569.0,192.92307692307693,2841667.0,68343.0,0.0,9509213.0,169,0.0,0.0,26151.0,0.0,0.0,348647.0,0.0,77.0495045016527
MS,2018,284696.3,576888,-1285.0,34.62162162162162,4655357000,25.66666666666667,1775.7285714285715,18.416976744186044,252.28,9.24,5.310025,4505890,1112.0,6361.0,48432.0,201.6153846153846,49492794.0,0.0,0.0,0.0,28504,15517.0,0.0,5280044.0,0.0,0.0,1451141.0,0.0,2.606557901471529
CT,2018,249043.3,277931,-609.3,1450.0454545454545,7982157000,31.375,1627.1065217391306,10.287058823529412,252.28,14.616,5.310025,220578,141.0,807.0,5543.0,201.6153846153846,19742542.0,464733.0,0.0,395347.0,379167,500720.0,0.0,329700.0,0.0,0.0,0.0,3471.0,4.123355311409042
CO,2018,342865.6,485735,-1122.8,1346.291891891892,5655389000,26.764705882352942,401.0677530017153,6.890761589403972,252.28,10.02,5.310025,15266074,3802.0,22699.0,104094.0,201.6153846153846,16824147.0,0.0,0.0,1922150.0,12011,77956.0,9819107.0,26382061.0,0.0,0.0,0.0,-262738.0,21.098200931985126
MI,2018,467828.0,965538,-1131.4,1884.8267716535433,12541352000,35.84,951.0196078431372,7.234071428571428,252.28,7.296,5.310025,24238217,380.0,2407.0,96714.0,201.6153846153846,30552007.0,268096.0,0.0,1633605.0,1214491,974044.0,5330068.0,42910451.0,1597639.0,0.0,1544031.0,-698455.0,10.293808883079064
MA,2017,55964.7,448996,-162.0,1488.9454545454544,14262389000,37.29411764705883,1222.858762886598,10.0982,239.82,13.71,5.310025,558920,176.0,1012.0,10554.0,192.92307692307693,21341446.0,832188.0,0.0,825466.0,250107,1055222.0,0.0,1136318.0,0.0,0.0,138227.0,-443012.0,6.269515366071926
LA,2017,228819.3,1593181,-651.3,2.7142857142857144,7104647000,30.57142857142857,1693.8844827586206,20.53172413793104,239.82,7.79,5.310025,8397844,789.0,4461.0,52378.0,192.92307692307693,57884019.0,616487.0,0.0,1231096.0,4561055,85955.0,0.0,12315034.0,2164779.0,0.0,2709849.0,0.0,4.936845911438557
IL,2018,332156.8,1108592,-1126.5,684.6637168141592,21484023000,37.833333333333336,1167.5396825396824,10.901531531531534,252.28,7.627999999999999,5.310025,35493118,573.0,3092.0,57914.0,201.6153846153846,16031408.0,230551.0,0.0,144093.0,66729,452727.0,0.0,59763992.0,200817.0,0.0,0.0,0.0,0.7761965658172537
NM,2018,1467076.8,271547,-7058.5,321.57894736842104,2249649000,25.96,349.5131205673759,11.838421052631581,252.28,9.35,5.310025,7261657,917.0,5113.0,121590.0,201.6153846153846,11531570.0,0.0,0.0,192695.0,20458,20264.0,0.0,13401533.0,0.0,0.0,0.0,0.0,0.8461996334813077
VA,2018,29565.4,634162,-90.4,609.9156626506024,11254537000,31.41666666666667,1624.0532544378698,13.82841463414634,252.28,6.376,5.310025,4938516,1080.0,5963.0,42775.0,201.6153846153846,50359115.0,471226.0,0.0,1450118.0,849976,1200186.0,0.0,9313272.0,0.0,0.0,2952557.0,-1291976.0,6.601209283149574
AR,2018,314016.1,360804,-789.0,53.57758620689656,3859004000,27.294117647058826,1632.421243523316,15.856739130434782,252.28,7.78,5.310025,17452295,1108.0,5964.0,53179.0,201.6153846153846,19139636.0,5087.0,0.0,3536348.0,36872,101201.0,0.0,29996099.0,0.0,0.0,1352453.0,0.0,9.212136325680161
IA,2017,68412.2,391129,-298.9,480.79508196721315,4272972000,44.57142857142857,851.7983425414365,10.008846153846154,239.82,8.73,5.310025,14477681,738.0,3876.0,56273.0,192.92307692307693,3519292.0,0.0,0.0,914568.0,297152,191550.0,20815751.0,25512926.0,0.0,0.0,0.0,0.0,42.77334446490162
MN,2019,341041.4,509061,-2333.4,2079.625,6915058000,37.53333333333333,1019.3243523316063,4.286165413533834,230.09,10.33,5.310025,10767336,516.0,2870.0,86936.0,199.46153846153845,10372307.0,354279.0,0.0,886728.0,46549,381193.0,11040440.0,18206287.0,0.0,0.0,969565.0,0.0,31.42157903520117
AR,2017,302117.8,311609,-734.3,41.93103448275862,3804770000,27.588235294117645,1291.847120418848,16.763253012048196,239.82,8.26,5.310025,15193337,1108.0,5964.0,53179.0,192.92307692307693,17588176.0,4879.0,0.0,3951323.0,48204,118625.0,0.0,26285433.0,0.0,0.0,1371717.0,0.0,11.022576667884653
OH,2017,592725.7,948324,-1553.7,540.1756756756756,23608526000,36.458333333333336,1158.690052356021,11.794285714285715,239.82,7.914,5.310025,28522773,491.0,2561.0,44826.0,192.92307692307693,28134021.0,0.0,0.0,553225.0,772322,452605.0,0.0,68583587.0,841169.0,0.0,257737.0,0.0,1.2687095110093547
MD,2019,374039.3,300876,-1215.0,645.84,9931619000,33.57142857142857,1175.2175,13.6888,230.09,8.777999999999999,5.310025,2676056,189.0,1036.0,12406.0,199.46153846153845,14839476.0,328759.0,0.0,2204934.0,78449,343970.0,0.0,5721572.0,0.0,0.0,60123.0,0.0,11.065850971886794
AZ,2017,114950.7,321451,-782.9,308.73214285714283,8259483000,31.125,273.273046875,15.527986577181208,239.82,10.64,5.310025,16929036,515.0,3090.0,113990.0,192.92307692307693,29550427.0,0.0,0.0,6972056.0,56552,37196.0,0.0,31396139.0,0.0,4737100.0,0.0,-45830.0,16.09344731570524
KS,2018,158192.7,310028,-1261.1,347.30357142857144,4504726000,43.952380952380956,864.9126550868486,12.481889763779527,252.28,10.72,5.310025,13175858,2479.0,14931.0,82278.0,201.6153846153846,3896731.0,0.0,0.0,26420.0,56427,0.0,19295205.0,20467541.0,0.0,0.0,0.0,0.0,44.17146423221592
MD,2017,365857.0,222881,-1133.2,416.68421052631584,10541329000,34.142857142857146,1087.175,13.617083333333332,239.82,9.416,5.310025,3780497,189.0,1036.0,12406.0,192.92307692307693,6728959.0,324435.0,0.0,1963384.0,114275,428843.0,0.0,8504409.0,0.0,0.0,120338.0,0.0,13.816960827880976
UT,2017,153986.0,221834,-376.3,1279.9529411764704,2631505000,31.1,476.2622950819672,9.01378238341969,239.82,8.6,5.310025,12438027,678.0,4005.0,84897.0,192.92307692307693,5902457.0,122049.0,462659.0,818620.0,38558,73283.0,0.0,26389569.0,0.0,0.0,0.0,0.0,4.006726970397869
NY,2019,53930.2,1312031,-1682.4,2084.0256410256407,29920659000,34.607142857142854,1217.0363636363636,8.317757009345794,230.09,11.094000000000001,5.310025,186750,1809.0,10192.0,54555.0,199.46153846153845,49315300.0,965454.0,0.0,29540508.0,491615,1429142.0,4849870.0,421951.0,0.0,0.0,466349.0,-315589.0,41.267074018580935
MD,2018,368810.4,300637,-1139.1,595.0869565217391,10566539000,34.142857142857146,1760.6405405405405,13.39875,252.28,9.08,5.310025,4481491,189.0,1036.0,12406.0,201.6153846153846,13934737.0,326400.0,0.0,2828853.0,250767,429143.0,0.0,10066924.0,0.0,0.0,104042.0,0.0,12.03269075482485
AL,2018,52928.7,750188,-110.6,9.888888888888891,8694405000,25.466666666666665,1706.5959302325582,17.915915492957748,252.28,9.63,5.310025,16234892,646.0,3435.0,52420.0,201.6153846153846,58787919.0,0.0,0.0,11058477.0,68116,41990.0,0.0,31783767.0,977.0,0.0,3398420.0,0.0,13.79012084744496
IL,2019,337636.1,1134722,-1542.2,850.22,20751652000,38.647058823529406,1294.7547770700635,10.745882352941177,230.09,7.598,5.310025,29161359,573.0,3092.0,57914.0,199.46153846153845,18916293.0,240183.0,0.0,130663.0,40406,418741.0,0.0,48842090.0,260889.0,0.0,0.0,0.0,0.7979809225269144
NY,2017,51291.2,1237311,-1183.4,2359.528301886793,31335161000,34.642857142857146,1221.8788018433181,9.07451923076923,239.82,11.5,5.310025,242182,1809.0,10192.0,54555.0,192.92307692307693,48294737.0,903476.0,0.0,29065182.0,654976,1614926.0,3943886.0,770295.0,0.0,0.0,666504.0,-415671.0,40.790077127956366
IL,2017,322969.3,1017772,-1002.1,243.96521739130435,20539776000,39.388888888888886,1000.4165625,11.992524271844662,239.82,7.5520000000000005,5.310025,34224429,573.0,3092.0,57914.0,192.92307692307693,14071275.0,256344.0,0.0,129357.0,49347,494985.0,0.0,58185848.0,180098.0,0.0,0.0,0.0,0.8509818290323364
CO,2017,328510.2,438137,-1121.4,1531.2685714285715,5476216000,35.041666666666664,516.208611599297,7.3972093023255825,239.82,9.99,5.310025,16628006,3802.0,22699.0,104094.0,192.92307692307693,12650410.0,0.0,0.0,2018440.0,8470,75018.0,9567088.0,29242215.0,0.0,0.0,0.0,-326652.0,21.29030964954271
MI,2019,471648.1,1002237,-1315.4,2429.0787401574803,12282154000,36.92,1067.8748768472906,6.526808510638298,230.09,7.327999999999999,5.310025,21229484,380.0,2407.0,96714.0,199.46153846153845,34639574.0,191335.0,0.0,1290502.0,920192,832946.0,5813128.0,37362680.0,1696538.0,0.0,1536181.0,-696488.0,10.49961388542382
IN,2018,172844.7,854024,-1574.6,572.0,10161425000,36.7,1258.1531400966182,11.453205128205127,252.28,9.75,5.310025,39143963,582.0,3132.0,36420.0,201.6153846153846,25354316.0,320665.0,0.0,342435.0,131332,472079.0,0.0,77501351.0,2049320.0,0.0,0.0,0.0,0.7671682281434891
AK,2018,198053.7,355132,-459.0,1931.732142857143,1156012000,35.06666666666667,1103.0738562091503,0.7018957345971564,252.28,19.36,5.310025,701515,4530.0,39683.0,665384.0,201.6153846153846,3231910.0,0.0,0.0,1629852.0,779308,0.0,0.0,684887.0,0.0,0.0,0.0,0.0,25.764512784389776
MT,2017,45480.6,80036,-492.7,1511.279279279279,1412945000,39.055555555555564,544.568661971831,5.85531690140845,239.82,5.263999999999999,5.310025,8943859,3914.0,23413.0,147040.0,192.92307692307693,471550.0,0.0,0.0,10560809.0,458322,0.0,0.0,14240843.0,0.0,0.0,0.0,0.0,41.04229893262443
KS,2019,160059.3,306050,-2001.6,491.1772727272728,4223724000,44.05,998.2420512820512,12.137310924369748,230.09,10.26,5.310025,11535465,2479.0,14931.0,82278.0,199.46153846153845,3638383.0,0.0,0.0,20473.0,68018,0.0,21501124.0,17314602.0,0.0,0.0,0.0,0.0,50.5883443889184
CT,2019,251329.8,283408,-623.0,1047.2857142857142,7740150000,31.25,1433.1045454545456,9.831176470588234,230.09,14.762,5.310025,47528,141.0,807.0,5543.0,199.46153846153845,21186918.0,578186.0,0.0,521501.0,80836,482188.0,0.0,53051.0,0.0,0.0,0.0,2155.0,4.391404696868587
UT,2018,162574.4,244058,-410.7,1057.2021276595744,2565210000,28.66666666666667,396.1867021276596,8.736938775510204,252.28,8.21,5.310025,12331680,678.0,4005.0,84897.0,201.6153846153846,8806188.0,231086.0,469049.0,1273062.0,35669,80921.0,0.0,25912474.0,0.0,0.0,0.0,0.0,4.952754189669877
OK,2018,193204.7,807023,-668.5,15.481481481481481,5224240000,45.153846153846146,1008.6455399061032,15.66970297029703,252.28,8.09,5.310025,9541239,1147.0,5837.0,69899.0,201.6153846153846,41881971.0,0.0,0.0,2391743.0,17982,0.0,0.0,14906747.0,0.0,0.0,252389.0,-135051.0,4.230039557263859
ME,2019,519961.6,44484,-1802.2,2411.3636363636365,2240241000,28.5,1306.2670731707315,5.6864285714285705,230.09,10.594000000000001,5.310025,69362,1059.0,6146.0,35380.0,199.46153846153845,1609327.0,338847.0,0.0,3114930.0,31829,118501.0,0.0,83283.0,0.0,0.0,2400723.0,0.0,73.1951661851213
WA,2017,489435.0,324882,-1589.3,1205.638888888889,7371993000,29.0,1435.3528735632183,8.050273224043716,239.82,4.4719999999999995,5.310025,3623129,6055.0,35442.0,71298.0,192.92307692307693,9077246.0,56698.0,0.0,82824584.0,22724,331303.0,0.0,5488674.0,0.0,0.0,1704078.0,0.0,85.28184833397881
VT,2017,468125.4,11926,-1146.4,2978.842105263158,791896000,24.2,1203.0263157894738,7.0480769230769225,239.82,14.6,5.310025,0,400.0,2338.0,9616.0,192.92307692307693,1807.0,0.0,0.0,1210670.0,6097,0.0,278821.0,0.0,0.0,0.0,434400.0,0.0,99.59084685486815
NC,2017,113754.2,502567,-1118.4,361.4929577464789,11880971000,27.5,1290.733220338983,15.861962025316455,239.82,9.04,5.310025,13460656,796.0,4697.0,53819.0,192.92307692307693,39650882.0,577380.0,0.0,4716110.0,230615,557022.0,0.0,34457955.0,0.0,0.0,2076050.0,0.0,8.933436351978838
MA,2019,58793.3,433774,-171.6,1286.2459016393445,14961379000,36.333333333333336,1375.035294117647,9.413921568627453,230.09,14.692,5.310025,0,176.0,1012.0,10554.0,199.46153846153845,15930845.0,920576.0,0.0,1079431.0,124080,925671.0,0.0,0.0,0.0,0.0,118640.0,-436378.0,9.0412913558556
ND,2017,143590.9,109440,-327.2,800.8076923076923,1767923000,47.22222222222222,343.65121951219515,5.653913043478261,239.82,8.78,5.310025,22210443,252.0,1523.0,70698.0,192.92307692307693,936038.0,0.0,0.0,2036458.0,36107,6161.0,0.0,26844713.0,42212.0,0.0,0.0,0.0,6.831115794161327
WY,2019,39214.0,154836,-93.1,2094.2,1358431000,37.25,561.7683794466403,3.743333333333333,230.09,8.1,5.310025,21276827,2476.0,13949.0,97813.0,199.46153846153845,1041759.0,0.0,0.0,820100.0,43645,0.0,4041722.0,34846117.0,0.0,0.0,0.0,0.0,11.9181749826191
KY,2019,190811.5,336191,-722.5,167.9736842105263,6484356000,28.11111111111111,1564.7899082568808,14.21532258064516,230.09,8.61,5.310025,25167530,662.0,3242.0,40408.0,199.46153846153845,14820531.0,0.0,0.0,4006900.0,64253,0.0,0.0,51714431.0,0.0,0.0,342698.0,0.0,6.130614193644086
MO,2019,102656.4,316378,-833.6,437.7254901960785,7636141000,36.625,1389.9678294573646,12.69970873786408,230.09,9.68,5.310025,32764874,2450.0,14145.0,69707.0,199.46153846153845,7331606.0,0.0,0.0,763573.0,79411,64007.0,0.0,55686325.0,0.0,0.0,0.0,336744.0,1.811848450987872
VT,2019,489168.4,13866,-1237.4,2843.1304347826085,833823000,23.8,1277.3097560975611,5.7832,230.09,15.36,5.310025,0,400.0,2338.0,9616.0,199.46153846153845,1851.0,0.0,0.0,1198300.0,1147,0.0,384022.0,0.0,0.0,0.0,412532.0,0.0,99.84993883430805
WV,2018,303767.4,202934,-897.3,866.0645161290323,2932646000,26.3,1631.3842105263159,11.615576923076922,252.28,8.72,5.310025,25810633,1228.0,6444.0,24230.0,201.6153846153846,1417426.0,-11348.0,0.0,1787838.0,158885,0.0,0.0,61975241.0,24845.0,0.0,0.0,0.0,2.7356679743926233
MT,2019,47916.3,88394,-503.8,1759.0884955752213,1522367000,39.1764705882353,625.2224264705882,4.297147887323944,230.09,5.537999999999999,5.310025,9371545,3914.0,23413.0,147040.0,199.46153846153845,540354.0,0.0,0.0,9409070.0,464887,0.0,0.0,14154291.0,0.0,0.0,0.0,0.0,38.297132250341306
TN,2017,314849.9,321644,-747.1,95.22077922077924,9185018000,25.1,1487.5189655172414,15.262258064516127,239.82,9.45,5.310025,14545543,869.0,4908.0,42144.0,192.92307692307693,10374699.0,20791.0,0.0,7613828.0,123830,88573.0,0.0,27715901.0,11648.0,0.0,843063.0,-686154.0,17.04611002356105
TN,2019,328406.3,402277,-939.6,41.680555555555564,9677835000,24.2,1757.648260869565,15.35504854368932,230.09,9.69,5.310025,9361950,869.0,4908.0,42144.0,199.46153846153845,16614374.0,4537.0,0.0,9857011.0,141058,80466.0,0.0,18696666.0,12033.0,0.0,849403.0,-615360.0,22.286323623382096
PA,2018,708856.9,1460456,-1971.1,1269.1465517241381,23884240000,30.380952380952376,1664.254337899543,10.188318584070798,252.28,8.078,5.310025,23502780,2418.0,13140.0,46054.0,201.6153846153846,76820108.0,798304.0,0.0,3530419.0,598719,1873110.0,3615437.0,44147852.0,411358.0,0.0,471691.0,-659143.0,6.7104763617642735
PA,2017,695560.8,1350245,-1901.0,998.2666666666668,23155780000,31.363636363636363,1161.0521739130436,10.714051724137931,239.82,8.14,5.310025,24384201,2418.0,13140.0,46054.0,192.92307692307693,59448553.0,863255.0,0.0,2724431.0,349022,1938122.0,3378962.0,47649977.0,598856.0,0.0,573091.0,-605294.0,6.850309797874981
RI,2018,53135.5,101796,-171.7,1382.2727272727273,1943680000,36.0,1577.695238095238,10.918,252.28,14.097999999999999,5.310025,0,13.0,73.0,1545.0,201.6153846153846,6684006.0,0.0,0.0,4100.0,67341,211030.0,0.0,0.0,0.0,0.0,0.0,0.0,3.0880745030809695
NH,2019,556731.0,53624,-1625.7,2210.96875,2696216000,47.33333333333334,1274.7391304347825,6.749189189189188,230.09,13.46,5.310025,159462,394.0,2339.0,9349.0,199.46153846153845,3582516.0,54641.0,0.0,1232814.0,29803,129325.0,0.0,343015.0,0.0,0.0,1262554.0,0.0,39.56027641473545
NJ,2018,93870.9,770284,-290.6,842.375,14429778000,29.11111111111111,1699.087610619469,12.221785714285714,252.28,10.372,5.310025,648154,61.0,359.0,8723.0,201.6153846153846,38797284.0,552258.0,0.0,35538.0,326225,956744.0,0.0,1193288.0,212048.0,0.0,0.0,-115102.0,2.0906003231829104
NM,2019,1490678.5,296753,-7176.7,628.1527777777778,2235999000,28.863636363636363,358.51630434782606,11.128163265306123,230.09,8.99,5.310025,8148441,917.0,5113.0,121590.0,199.46153846153845,12002941.0,0.0,0.0,132733.0,32231,17375.0,0.0,14691666.0,0.0,0.0,0.0,0.0,0.5585009546843603
VA,2019,29806.2,684597,-94.4,195.14772727272728,11362413000,30.13333333333333,1190.5372881355934,14.267608695652173,230.09,6.093999999999999,5.310025,2006332,1080.0,5963.0,42775.0,199.46153846153845,58499127.0,558318.0,0.0,1551145.0,302212,1073389.0,0.0,3462084.0,0.0,0.0,2729377.0,-1104203.0,6.33609093490734
MA,2018,57302.7,438577,-169.0,1562.7096774193549,15679244000,36.23529411764706,1565.595283018868,9.936326530612245,252.28,14.78,5.310025,0,176.0,1012.0,10554.0,201.6153846153846,18796093.0,854594.0,0.0,1135495.0,474486,1066131.0,0.0,0.0,0.0,0.0,130883.0,-463783.0,8.4965653429617
SD,2019,47559.7,91362,-1422.5,2158.514285714285,1281412000,45.66666666666666,865.2224137931033,5.8030188679245285,230.09,9.96,5.310025,1689836,112.0,633.0,77116.0,199.46153846153845,1349523.0,0.0,0.0,5619584.0,10186,0.0,3014564.0,2617073.0,0.0,0.0,0.0,0.0,68.46559294199555
TX,2017,1651329.5,3867275,-3412.5,33.841911764705884,33677747000,39.879310344827594,897.5801672640382,19.67577049180328,239.82,8.38,5.310025,93487554,1367.0,6862.0,268596.0,192.92307692307693,203403160.0,531574.0,0.0,1585596.0,177554,669365.0,67092489.0,134626796.0,2569954.0,0.0,878477.0,0.0,17.064388927439012
WY,2018,38696.3,165384,-82.3,1590.5816326530612,1364803000,38.16666666666666,494.1032,4.788978494623656,252.28,8.09,5.310025,24377593,2476.0,13949.0,97813.0,201.6153846153846,945979.0,0.0,0.0,1108696.0,40371,0.0,4187009.0,39584253.0,0.0,0.0,0.0,0.0,11.545958746014612
OH,2018,606141.5,1162745,-1619.8,717.4769230769231,25012398000,35.291666666666664,1260.6370731707318,11.265696202531645,252.28,7.992000000000001,5.310025,25121096,491.0,2561.0,44826.0,201.6153846153846,42673026.0,0.0,0.0,565064.0,1096414,453024.0,0.0,58794343.0,698837.0,0.0,234378.0,0.0,1.1983590579449936
NE,2018,76165.3,185949,-143.4,1058.491935483871,2791727000,43.625,781.3745762711865,9.14,252.28,9.02,5.310025,14442982,1851.0,11332.0,77348.0,201.6153846153846,1214283.0,0.0,0.0,1481975.0,7264,93182.0,5177866.0,23171275.0,0.0,0.0,0.0,0.0,21.68193863419021
WI,2018,71858.7,543025,-113.4,1466.4973262032086,7508196000,34.47058823529412,1071.6718487394958,6.804733333333332,252.28,10.58,5.310025,19479523,522.0,3287.0,65496.0,201.6153846153846,17693091.0,32009.0,0.0,2583343.0,126100,579761.0,1959284.0,33370258.0,0.0,0.0,936946.0,0.0,10.578299964846854
CT,2017,248077.1,239818,-593.0,1370.111111111111,7610317000,31.75,1159.7446808510638,10.567,239.82,13.974,5.310025,137443,141.0,807.0,5543.0,192.92307692307693,15566967.0,546887.0,0.0,259884.0,115683,586131.0,0.0,197508.0,0.0,0.0,0.0,1797.0,4.907780133867388
SC,2017,202644.5,278768,-479.3,60.08163265306123,7782586000,27.5,1283.8229508196719,17.907460317460316,239.82,9.97,5.310025,7647695,284.0,1689.0,32020.0,192.92307692307693,16368096.0,41196.0,0.0,2704375.0,88594,184992.0,0.0,18151767.0,0.0,0.0,2501731.0,-1024829.0,11.190992743936693
IN,2019,173515.4,894471,-2566.2,678.4888888888888,10113765000,36.1,1269.07990430622,11.281184210526314,230.09,9.91,5.310025,31003596,582.0,3132.0,36420.0,199.46153846153845,32217710.0,333486.0,0.0,194489.0,125026,409757.0,0.0,60782416.0,2288087.0,0.0,0.0,0.0,0.6271301614594003
NY,2018,53472.8,1350443,-1308.0,2464.478260869565,32091840000,34.653846153846146,1275.709649122807,8.861176470588235,252.28,11.485999999999999,5.310025,271938,1809.0,10192.0,54555.0,201.6153846153846,50604760.0,895779.0,0.0,30910609.0,1477290,1656914.0,4383410.0,690386.0,0.0,0.0,641972.0,-430718.0,40.913819802316844
HI,2019,82471.4,3277,-263.0,0.0,2714942000,42.25,1430.16,21.065,230.09,28.72,5.310025,716842,145.0,699.0,10932.0,199.46153846153845,0.0,395070.0,108029.0,69600.0,6836803,290271.0,594849.0,1301945.0,5627.0,0.0,0.0,0.0,11.067772636128785
AR,2019,323597.6,360024,-809.8,21.192982456140353,3952274000,26.0,1707.4664864864865,16.026153846153846,230.09,8.22,5.310025,13766806,1108.0,5964.0,53179.0,199.46153846153845,20328679.0,4839.0,0.0,2718800.0,46729,78206.0,0.0,23318634.0,0.0,0.0,1275809.0,0.0,8.525581758704988
ID,2019,773135.5,127638,-4142.6,1405.3170731707314,1891966000,28.0,688.3201219512197,5.969537037037037,230.09,7.89,5.310025,0,4937.0,28645.0,83569.0,199.46153846153845,3475323.0,65655.0,0.0,9111878.0,232,0.0,0.0,18999.0,0.0,0.0,404470.0,0.0,72.77411018817875
FL,2019,963255.9,1545434,-2555.9,0.0,25103431000,32.80487804878049,1426.2423220973785,23.8273,230.09,10.44,5.310025,9532981,171.0,962.0,65758.0,199.46153846153845,181519412.0,3164525.0,0.0,219804.0,1511562,2164260.0,0.0,21264917.0,160.0,0.0,2332547.0,0.0,2.2229585879088876
HI,2017,81039.5,3106,-269.0,0.0,2428989000,41.875,1419.1811594202895,22.36379310344828,239.82,26.05,5.310025,759018,145.0,699.0,10932.0,192.92307692307693,0.0,363847.0,251823.0,66826.0,6657637,243331.0,643399.0,1375722.0,52024.0,0.0,0.0,0.0,12.4850110449838
OR,2019,225336.8,288976,-791.0,749.7333333333332,4596804000,25.863636363636363,1015.385064935065,8.390071174377223,230.09,5.93,5.310025,1499340,4492.0,25013.0,98379.0,199.46153846153845,21090795.0,35773.0,0.0,29525527.0,4782,336461.0,7168734.0,2569160.0,0.0,0.0,739892.0,0.0,61.444482453257244
GA,2019,547422.7,753735,-1718.8,0.4,13739612000,24.294117647058826,1312.8987951807228,18.35442105263158,230.09,9.86,5.310025,13551393,580.0,3341.0,59425.0,199.46153846153845,58383625.0,93009.0,0.0,3484677.0,313724,326103.0,0.0,25272537.0,0.0,0.0,4828177.0,-598689.0,8.729632879166159
KS,2017,154456.6,269919,-1089.7,123.96803652968036,4270108000,45.0,787.5332530120481,13.545593220338983,239.82,10.6,5.310025,12542106,2479.0,14931.0,82278.0,192.92307692307693,2661594.0,0.0,0.0,29218.0,61439,0.0,18500571.0,19399618.0,0.0,0.0,0.0,0.0,45.581000796016184
WA,2018,524486.9,307985,-1669.4,778.1282051282051,7268869000,30.28,1228.0429602888087,8.676542553191489,252.28,4.57,5.310025,3628396,6055.0,35442.0,71298.0,201.6153846153846,10423084.0,60342.0,0.0,81576069.0,24649,228243.0,0.0,5382864.0,0.0,0.0,1569413.0,0.0,83.99134358627356
AK,2019,200829.4,366476,-593.7,1539.344262295082,1176356000,35.0,1114.2783783783784,1.967204301075269,230.09,20.22,5.310025,661454,4530.0,39683.0,665384.0,199.46153846153845,3162887.0,0.0,0.0,1397907.0,915475,0.0,0.0,673868.0,0.0,0.0,0.0,0.0,22.729688785794526
WV,2019,308044.7,218282,-1140.5,464.2622950819672,2823181000,25.9,1231.4475609756098,12.130851063829788,230.09,8.49,5.310025,23867512,1228.0,6444.0,24230.0,199.46153846153845,2104891.0,-6301.0,0.0,1776365.0,128387,0.0,0.0,58192222.0,41579.0,0.0,0.0,0.0,2.854187892268769
NJ,2019,98765.7,766824,-329.6,401.1,14053688000,30.11111111111111,1406.4039603960393,12.362222222222224,230.09,10.485999999999999,5.310025,529624,61.0,359.0,8723.0,199.46153846153845,40589384.0,616021.0,0.0,26468.0,153061,804546.0,0.0,1041530.0,216377.0,0.0,0.0,-93829.0,1.7004025367421978
CO,2019,356280.2,520139,-1213.8,2346.888268156425,5750431000,29.096774193548388,522.1292418772563,5.859619047619049,230.09,10.17,5.310025,14515416,3802.0,22699.0,104094.0,199.46153846153845,17087658.0,0.0,0.0,1606930.0,10705,73486.0,10925947.0,25320309.0,0.0,0.0,0.0,-191882.0,22.64046534037537
DE,2017,61851.1,98966,-189.7,357.5,1571642000,38.0,1143.9,14.09,239.82,8.04,5.310025,186326,5.0,30.0,2489.0,192.92307692307693,6663726.0,0.0,0.0,0.0,38984,0.0,0.0,358798.0,471362.0,0.0,0.0,0.0,0.0
FL,2017,901903.5,1387960,-2320.3,0.0,24286139000,33.62162162162162,1599.9824,23.37939393939394,239.82,10.42,5.310025,16851538,171.0,962.0,65758.0,192.92307692307693,160593505.0,3075806.0,0.0,195390.0,1482658,2627178.0,0.0,37512143.0,4904.0,0.0,2313502.0,0.0,2.4715805078995996
WV,2017,294151.7,184025,-752.9,555.4285714285714,2855303000,27.181818181818183,1219.0567901234567,11.92153846153846,239.82,9.0,5.310025,27987730,1228.0,6444.0,24230.0,192.92307692307693,1599249.0,-13746.0,0.0,1768583.0,119779,0.0,0.0,68294633.0,34477.0,0.0,0.0,0.0,2.463105463248563
RI,2017,52727.7,92061,-176.6,1256.2727272727273,1741516000,35.333333333333336,1240.138888888889,10.853,239.82,12.894,5.310025,0,13.0,73.0,1545.0,192.92307692307693,4820588.0,0.0,0.0,2372.0,44332,203691.0,0.0,0.0,0.0,0.0,0.0,0.0,4.063571106430449
SD,2018,47287.0,89464,-1187.6,1663.4594594594596,1281530000,44.8,644.9348571428571,6.744636363636364,252.28,9.97,5.310025,1493490,112.0,633.0,77116.0,201.6153846153846,998859.0,0.0,0.0,5164548.0,4518,0.0,2765546.0,2379603.0,0.0,0.0,0.0,0.0,70.09672172214201
TX,2018,1715231.0,4464219,-3540.3,43.17857142857143,35993641000,40.274193548387096,1016.4742610837437,19.029312714776637,252.28,8.48,5.310025,75899022,1367.0,6862.0,268596.0,201.6153846153846,237357648.0,96141.0,0.0,1432860.0,134198,623355.0,75752818.0,111474565.0,2424883.0,0.0,947077.0,0.0,18.30500676076384
UT,2019,168792.7,264046,-427.0,1607.8314606741574,2565333000,28.7,599.2206896551725,7.31765625,230.09,8.24,5.310025,11890687,678.0,4005.0,84897.0,199.46153846153845,9436460.0,202645.0,445335.0,781046.0,40167,67925.0,0.0,25241025.0,0.0,0.0,0.0,0.0,3.5739891998816056
OR,2017,209581.3,247206,-712.0,834.5820895522388,4545849000,28.13636363636364,1375.6686930091187,8.860824372759856,239.82,5.757999999999999,5.310025,1031022,4492.0,25013.0,98379.0,192.92307692307693,12116065.0,39246.0,0.0,36642562.0,10335,351877.0,6506086.0,1728103.0,0.0,0.0,688330.0,0.0,76.0793283303896
TN,2018,323316.8,392161,-733.9,151.60526315789474,9861200000,24.7,1739.4128630705395,14.82037037037037,252.28,9.58,5.310025,10358841,869.0,4908.0,42144.0,201.6153846153846,12888842.0,9821.0,0.0,9685084.0,128248,94757.0,0.0,20966713.0,11175.0,0.0,879451.0,-619844.0,22.79400531016003
NM,2017,1424905.5,239305,-6712.6,414.4805194805195,2207689000,41.230769230769226,378.48384615384623,12.600459770114947,239.82,9.59,5.310025,10493731,917.0,5113.0,121590.0,192.92307692307693,9175019.0,0.0,0.0,249686.0,44634,18009.0,0.0,18414482.0,0.0,0.0,0.0,0.0,0.9594173572127707
AL,2019,53255.2,729402,-113.9,4.4,8658756000,24.642857142857146,1550.4642424242425,18.30367647058824,230.09,9.83,5.310025,14244733,646.0,3435.0,52420.0,199.46153846153845,56628348.0,0.0,0.0,10839225.0,19063,34344.0,0.0,26694356.0,5924.0,0.0,3428048.0,0.0,14.645896927400655
KY,2018,187507.4,340125,-532.2,379.46511627906983,6524890000,28.33333333333333,1666.54,13.95,252.28,8.52,5.310025,28566789,662.0,3242.0,40408.0,201.6153846153846,14605519.0,0.0,0.0,4722899.0,87531,0.0,0.0,59168143.0,0.0,0.0,374922.0,0.0,6.456287562050863
VA,2017,29312.4,566676,-81.8,227.7763157894737,10264355000,30.875,1077.281935483871,14.228026315789476,239.82,5.756,5.310025,5274592,1080.0,5963.0,42775.0,192.92307692307693,46735560.0,213323.0,0.0,1617204.0,439555,848150.0,0.0,10808505.0,0.0,0.0,3186772.0,-1277795.0,6.990957224236796
ID,2018,769631.2,111700,-3328.4,961.0238095238096,1940939000,26.33333333333333,639.9348571428571,6.876875,252.28,8.17,5.310025,0,4937.0,28645.0,83569.0,201.6153846153846,3129851.0,63972.0,0.0,10486069.0,57,0.0,0.0,25015.0,0.0,0.0,394237.0,0.0,77.16966372775309
CA,2019,2800505.4,2154030,-9110.5,1040.7682926829268,53600889000,28.558823529411764,836.2747323340471,14.132047930283225,230.09,13.515999999999998,5.310025,0,3360.0,18570.0,163695.0,199.46153846153845,85535097.0,764388.0,11406526.0,40051234.0,52104,2540348.0,14970454.0,240456.0,1476270.0,28620252.0,3241489.0,-30615.0,53.370442001231936
IN,2017,168976.5,720453,-1158.3,338.6421052631579,9673171000,36.91666666666666,1173.8868421052632,12.10025641025641,239.82,9.77,5.310025,35551968,582.0,3132.0,36420.0,192.92307692307693,18438312.0,306075.0,0.0,467931.0,126013,434678.0,0.0,72486582.0,3134904.0,0.0,0.0,0.0,0.9461856263299051
TX,2019,1764357.2,4619800,-4473.3,22.68333333333333,36910422000,40.1,796.372463768116,19.002702702702702,230.09,8.6,5.310025,63310631,1367.0,6862.0,268596.0,199.46153846153845,254618244.0,503168.0,0.0,998163.0,161956,497487.0,84429125.0,91822289.0,2874272.0,0.0,831513.0,0.0,19.864688254145868
KY,2017,184600.8,283678,-537.9,82.93023255813954,6226850000,28.777777777777782,1306.7651785714286,14.378524590163936,239.82,8.57,5.310025,27671332,662.0,3242.0,40408.0,192.92307692307693,9391096.0,0.0,0.0,4464904.0,515480,0.0,0.0,57236509.0,0.0,0.0,347480.0,0.0,6.688003103697372
NC,2018,115087.9,582418,-1040.1,426.5568181818182,12796899000,26.83333333333333,1834.433445945946,15.322913907284768,252.28,9.25,5.310025,12599223,796.0,4697.0,53819.0,201.6153846153846,44079319.0,535069.0,0.0,5001487.0,496651,615479.0,0.0,31681106.0,0.0,0.0,2044025.0,0.0,9.071292509493077
MN,2018,337215.9,490169,-1740.2,1780.7560975609756,7121914000,37.384615384615394,854.9056701030928,5.012601626016259,252.28,10.37,5.310025,13812648,516.0,2870.0,86936.0,201.6153846153846,9170015.0,405719.0,0.0,1205856.0,40288,584866.0,11346349.0,23397828.0,0.0,0.0,1179635.0,0.0,30.24833682494666
NV,2017,489026.6,293849,-1214.0,737.483870967742,3385366000,24.83333333333333,447.6992753623188,9.896092715231786,239.82,5.4079999999999995,5.310025,1097176,226.0,1208.0,110572.0,192.92307692307693,26647433.0,0.0,3364691.0,1793114.0,8747,0.0,0.0,1865590.0,0.0,0.0,0.0,0.0,15.314341110302015
NJ,2017,91772.3,706589,-271.9,664.6153846153846,14211919000,28.45454545454545,1167.8366972477065,12.454230769230769,239.82,10.46,5.310025,630615,61.0,359.0,8723.0,192.92307692307693,36354501.0,582147.0,0.0,25916.0,143738,938024.0,0.0,1216521.0,219492.0,0.0,0.0,-161819.0,2.040058984926188
NH,2017,540656.6,52071,-1617.4,2739.030303030303,2481213000,36.22222222222222,1279.5742857142855,7.547272727272728,239.82,12.368,5.310025,134046,394.0,2339.0,9349.0,192.92307692307693,3580104.0,48685.0,0.0,1287623.0,104917,140230.0,0.0,287280.0,0.0,0.0,1640260.0,0.0,43.279308132105356
ME,2018,507806.0,46464,-1774.3,2774.32,2317393000,28.33333333333333,1244.2195402298848,6.236296296296296,252.28,10.282,5.310025,62360,1059.0,6146.0,35380.0,201.6153846153846,2251047.0,370833.0,0.0,3599742.0,201551,153061.0,0.0,76017.0,0.0,0.0,2374325.0,0.0,67.8787615592003
NV,2019,511539.9,302373,-1483.0,880.8936170212766,3446596000,27.142857142857146,520.5180327868852,8.479568345323743,230.09,5.392,5.310025,1551121,226.0,1208.0,110572.0,199.46153846153845,25777662.0,0.0,3767768.0,2233346.0,12344,0.0,0.0,2735459.0,0.0,0.0,0.0,0.0,17.381142800159843
SD,2017,46023.9,80890,-1017.9,804.1034482758621,1237570000,46.07142857142857,481.58333333333326,8.218,239.82,10.05,5.310025,1354935,112.0,633.0,77116.0,192.92307692307693,745606.0,0.0,0.0,4495380.0,4658,0.0,3154070.0,2062462.0,0.0,0.0,0.0,0.0,73.11528691545621
NC,2019,117395.2,556490,-1549.2,27.618556701030933,12892934000,27.944444444444446,1384.767405063291,15.927058823529412,230.09,9.45,5.310025,12362994,796.0,4697.0,53819.0,199.46153846153845,41777442.0,537783.0,0.0,6207177.0,231912,570766.0,0.0,30729803.0,0.0,0.0,1954710.0,0.0,10.648331104386774
RI,2019,53668.0,99301,-173.7,975.875,1908924000,35.666666666666664,1463.1277777777775,10.408888888888887,230.09,14.334000000000001,5.310025,0,13.0,73.0,1545.0,199.46153846153845,7237254.0,0.0,0.0,3640.0,17835,207790.0,0.0,0.0,0.0,0.0,0.0,0.0,2.83170778779241
WI,2017,69743.2,487732,-118.2,989.7207207207208,7430357000,35.666666666666664,964.6346666666667,7.697919463087247,239.82,10.76,5.310025,20918282,522.0,3287.0,65496.0,192.92307692307693,13467219.0,54745.0,0.0,2844893.0,142997,598909.0,1528577.0,35892335.0,0.0,0.0,1035824.0,0.0,10.81283009804339
NV,2018,501955.0,299783,-1181.5,603.516129032258,3478147000,26.5,334.99057971014486,9.573288590604028,252.28,5.268,5.310025,1411665,226.0,1208.0,110572.0,201.6153846153846,26800295.0,0.0,3629936.0,1887653.0,10245,0.0,0.0,2485047.0,0.0,0.0,0.0,0.0,15.84913999228338
OR,2018,219279.9,255713,-734.2,461.6144578313253,4510093000,27.142857142857146,940.3680851063831,9.171267123287672,252.28,5.834,5.310025,897821,4492.0,25013.0,98379.0,201.6153846153846,17644249.0,34094.0,0.0,36729205.0,4950,356621.0,7137096.0,1473684.0,0.0,0.0,672045.0,0.0,70.09149792549621
MO,2017,101071.7,261993,-508.1,73.50381679389314,7672172000,37.111111111111114,1076.1521341463415,13.819217391304347,239.82,10.03,5.310025,39513370,2450.0,14145.0,69707.0,192.92307692307693,4253450.0,3654.0,0.0,1399751.0,65915,87666.0,0.0,67522540.0,0.0,0.0,0.0,99724.0,2.1613545464077992
DE,2018,63162.6,95516,-177.7,591.0,1606544000,35.5,1574.533333333333,14.156666666666665,252.28,7.834,5.310025,166596,5.0,30.0,2489.0,201.6153846153846,5204057.0,0.0,0.0,0.0,152317,0.0,0.0,273389.0,252180.0,0.0,0.0,0.0,0.0
OK,2017,188157.2,664233,-609.6,43.047619047619044,4962910000,43.9375,989.731797235023,16.553457943925235,239.82,8.2,5.310025,10939560,1147.0,5837.0,69899.0,192.92307692307693,31629583.0,0.0,0.0,2860801.0,16097,0.0,0.0,17370737.0,0.0,0.0,230816.0,-117610.0,5.720297645581809
VT,2018,478835.0,13742,-1146.9,2877.3,837032000,23.8,1139.7304347826089,6.7489655172413805,252.28,15.13,5.310025,0,400.0,2338.0,9616.0,201.6153846153846,1800.0,0.0,0.0,1391605.0,6064,0.0,393411.0,0.0,0.0,0.0,409060.0,0.0,99.64286038674986
MT,2018,46627.5,87034,-490.0,1719.8684210526314,1425020000,37.16666666666666,587.8508591065292,5.2371378091872804,252.28,5.284,5.310025,8733152,3914.0,23413.0,147040.0,201.6153846153846,470539.0,0.0,0.0,10728967.0,446228,0.0,0.0,13220808.0,0.0,0.0,0.0,0.0,43.14619620210964
ME,2017,490874.1,43810,-1706.4,2634.673076923077,2066514000,27.33333333333333,1163.6604938271605,6.619473684210527,239.82,10.116,5.310025,66310,1059.0,6146.0,35380.0,192.92307692307693,2099589.0,395860.0,0.0,3329380.0,128593,179222.0,0.0,76356.0,0.0,0.0,2750620.0,0.0,69.86035122025265
MO,2018,102061.7,322805,-565.2,261.88461538461536,8148136000,35.647058823529406,1088.4422077922077,12.77705357142857,252.28,9.93,5.310025,37060029,2450.0,14145.0,69707.0,201.6153846153846,6840945.0,764.0,0.0,1399238.0,91645,103914.0,0.0,59934020.0,0.0,0.0,0.0,46907.0,2.2655907011302223
OH,2019,615474.4,1179077,-1930.9,717.6,23266188000,36.0,1185.5403846153847,11.361829268292682,230.09,7.704,5.310025,19605849,491.0,2561.0,44826.0,199.46153846153845,50999345.0,0.0,0.0,254588.0,930539,455594.0,0.0,46795303.0,722432.0,0.0,241054.0,0.0,0.9474570203016758
IA,2018,72455.4,443174,-308.2,1004.6803278688524,4565702000,42.42857142857143,1184.1758620689654,8.591553398058252,252.28,8.92,5.310025,16229800,738.0,3876.0,56273.0,201.6153846153846,7644484.0,0.0,0.0,999397.0,148540,216383.0,21685110.0,28576161.0,0.0,0.0,0.0,0.0,38.63819979981466
SC,2018,209012.5,330362,-462.2,63.57446808510638,7891241000,27.30769230769231,1576.4620689655173,17.380937499999998,252.28,9.67,5.310025,8282057,284.0,1689.0,32020.0,201.6153846153846,22044620.0,41651.0,0.0,2555149.0,275913,195675.0,0.0,19497538.0,0.0,0.0,2387816.0,-704735.0,9.577787024550918
CA,2017,2628314.6,2116902,-8428.0,981.0987654320987,46301978000,28.80281690140845,780.3635838150287,15.05397489539749,239.82,11.992,5.310025,0,3360.0,18570.0,163695.0,192.92307692307693,87906304.0,837790.0,11623582.0,42693084.0,45808,2572817.0,13970725.0,291092.0,1418707.0,23100169.0,3338265.0,407454.0,51.914498680399305
WY,2017,37866.3,149405,-88.9,1708.7096774193549,1388664000,39.8235294117647,589.3935742971887,5.209183673469388,239.82,8.28,5.310025,24678982,2476.0,13949.0,97813.0,192.92307692307693,790463.0,0.0,0.0,1035667.0,43521,0.0,4397585.0,40147517.0,0.0,0.0,0.0,0.0,11.705872915019068
GA,2018,538730.8,738986,-1314.1,21.37878787878788,13452928000,24.6875,1661.991071428571,17.747252747252745,252.28,9.62,5.310025,16953323,580.0,3341.0,59425.0,201.6153846153846,53469439.0,79624.0,0.0,2877663.0,429947,340868.0,0.0,32181963.0,0.0,0.0,4638236.0,-488754.0,7.877785609693236
